ID,Posted at,Screen name,Text
456825374752509953,2014-04-17 16:03:51 +0000,unimediamd,Presa din FR: Ucraina interzice intrarea pe teritoriul său a bărbaților cu cetățenie rusă - http://t.co/jcMdxxQP2b
456799096817205248,2014-04-17 14:19:26 +0000,unimediamd,Duca a câștigat alegerile la AȘM - http://t.co/Z13ClzprEb
456789004512669696,2014-04-17 13:39:20 +0000,unimediamd,IMPORTANT: Parlamentul European dă drept Moldovei să ceară intrarea în UE - http://t.co/1Ybu6kLr0p
456782021700775936,2014-04-17 13:11:35 +0000,unimediamd,Caricatura Zilei: La arat - http://t.co/F9HlXtV9PT
456779720873345024,2014-04-17 13:02:26 +0000,unimediamd,LIVE: Mircea Snegur în studioul UNIMEDIA - http://t.co/NndC1rzP2I
456770040973389824,2014-04-17 12:23:58 +0000,unimediamd,Cât costă același coș cu produse în diverse magazine din Chișinău - http://t.co/vpH6SjPfDe
456757916054204417,2014-04-17 11:35:48 +0000,unimediamd,Dumitru Țîra lansează RealitateaTV în Moldova - http://t.co/J2oAAhH3jz
456753208791015424,2014-04-17 11:17:05 +0000,unimediamd,Twitter: Ce întrebări a primit Putin în cadrul conferinței de astăzi - http://t.co/aO9xsNMC6p
456752585156743168,2014-04-17 11:14:37 +0000,unimediamd,Ce spune Vladimir Putin despre problema transnistreană - http://t.co/J34sk1pGVh
456744278794846208,2014-04-17 10:41:36 +0000,unimediamd,(video) Băsescu: A surprins abordarea lui Filat! Chișinăul a fost foarte isteț! - http://t.co/UsMHODHW8Z
456692592885768192,2014-04-17 07:16:13 +0000,unimediamd,"(video) Președintele României: Voi vota partidul lui Eugen Tomac, originar din Basarabia - http://t.co/Pwey5mSGOb"
456687027866451970,2014-04-17 06:54:06 +0000,unimediamd,"Preşedintele Judecătoriei din Glodeni, prins cu mită de 10 mii lei - http://t.co/JnbXQDoISJ"
456686249487519746,2014-04-17 06:51:01 +0000,unimediamd,Ion Varta îl face praf pe Valeriu Pasat înainte de alegerile preşedintelui Academiei de Științe a RM - http://t.co/epG3dZjE9h
456685568693239808,2014-04-17 06:48:19 +0000,unimediamd,(video) Reprezentant UE: Moldova ar putea solicita statutul de candidat UE în 2018 - http://t.co/zyN32caE3w
456685291999207425,2014-04-17 06:47:13 +0000,unimediamd,"Donație din România pentru liceul „Lucian Blaga”: Un microbuz, tricouri și cărți - http://t.co/g9PitBYMEP"
456451167862927360,2014-04-16 15:16:53 +0000,unimediamd,"Moldova, România și Ucraina au aprobat traseul Autostrăzii Inelare a Mării Negre - http://t.co/yXvjmpwOO2"
456403158181642240,2014-04-16 12:06:07 +0000,unimediamd,LIVE: Interviu cu Traian Băsescu - http://t.co/DabkhZNBul
456389761906012160,2014-04-16 11:12:53 +0000,unimediamd,(video) Duca iese la rampă: Sunt încercări de a mă debarca din concursul pentru șefia AȘM - http://t.co/uAFB45BnFn
456367937751109632,2014-04-16 09:46:09 +0000,unimediamd,"(video) O coloană cu tehnică militară, sub drapel rusesc, a intrat în Slaveansk - http://t.co/56GNTBeIPN"
456336100999823360,2014-04-16 07:39:39 +0000,unimediamd,(foto) Cine va reprezenta Republica Moldova la Miss World 2014 - http://t.co/8OBgAzaeg5
456331881148342272,2014-04-16 07:22:53 +0000,unimediamd,Cât i-ar costa pe românii de peste Prut unirea cu Republica Moldova - http://t.co/CRHaHsfsQT
456330409882968064,2014-04-16 07:17:02 +0000,unimediamd,"LIVE, ora 15.00: Interviu cu Traian Băsescu - http://t.co/DabkhZNBul"
456081648258658305,2014-04-15 14:48:33 +0000,unimediamd,(video) Ucraina: Împușcături și explozii în apropierea aeroportului militar din Kramatorsk - http://t.co/GanPgURB9H
456056491074940928,2014-04-15 13:08:35 +0000,unimediamd,LIVE: Cristian Saulea în studioul UNIMEDIA - http://t.co/JfosShFJQZ
456047845406425088,2014-04-15 12:34:13 +0000,unimediamd,Protestul medicilor la Guvern: „Vrem salariile promise!” - http://t.co/Sza5Iz1YU3
455997965216526336,2014-04-15 09:16:01 +0000,unimediamd,"P - (video, foto) Distracție, voie bună și dispoziție la petrecerea pentru copii organizată de Moldcell - http://t.co/Jaq47V9Nwc"
455994847632306176,2014-04-15 09:03:38 +0000,unimediamd,(foto) Cum arată sloganul pentru Recensământul RM din 2014 - http://t.co/e4ylOdFJ2a
455994204590997504,2014-04-15 09:01:05 +0000,unimediamd,"(video) PLR, inspirat de UNIMEDIA: Formațiunea a lansat campania „EU sunt european!” - http://t.co/LXBeIcmo82"
455991398173786113,2014-04-15 08:49:55 +0000,unimediamd,"(video) Peripeții nocturne. O tânără a rămas blocată între etaje, după ce a încercat să coboare pe o țeavă - http://t.co/WXpCDA6j1H"
455991145559232512,2014-04-15 08:48:55 +0000,unimediamd,"Designerul rus Lebedev, atacat în judecată pentru poziția critică față de 9 mai - http://t.co/zBPw07pu8S"
455972297070108672,2014-04-15 07:34:01 +0000,unimediamd,"(video) Kwasniewski la Chișinău: PIB-ul Poloniei a crescut de 3,5 ori după aderarea la UE - http://t.co/1vTDBCcFnc"
455728753314783232,2014-04-14 15:26:16 +0000,unimediamd,"(video) Efrim, rămas perplex: E prima dată când se întâmplă, deci e un progres! - http://t.co/McPifHQxS8"
455722219126026241,2014-04-14 15:00:18 +0000,unimediamd,Moscova solicită să nu fie folosit termenul „separatism” în privința Transnitriei - http://t.co/bcDNvQiSwl
455698460444864512,2014-04-14 13:25:54 +0000,unimediamd,Renato Usatîi se jură că n-a plătit bani pentru partidul lui Andronic - http://t.co/ecgLFWohrq
455693463326294016,2014-04-14 13:06:02 +0000,unimediamd,LIVE: Oleg Efrim în studioul UNIMEDIA - http://t.co/rSRVQu4Xgy
455681254277795840,2014-04-14 12:17:31 +0000,unimediamd,(doc) Ghimpu a avut un venit de peste 1 milion de lei în 2013 - http://t.co/HRkvE7XTiG
455668636456595456,2014-04-14 11:27:23 +0000,unimediamd,(foto) Noile treceri pentru pietoni din Capitală dispar de pe carosabil - http://t.co/mz8xJjxdSQ
455616965517012993,2014-04-14 08:02:04 +0000,unimediamd,Caricatura Zilei: Suntem solidari cu pedagogii! - http://t.co/91LM84lLch
455595836714811393,2014-04-14 06:38:06 +0000,unimediamd,Top 9 țări care au o percepție negativă față de SUA - http://t.co/zIjPWVp9T8
455594568734769152,2014-04-14 06:33:04 +0000,unimediamd,Renato Usatîi și-a tras partid - http://t.co/rD09ezbouI
455591578577674240,2014-04-14 06:21:11 +0000,unimediamd,(video) O nouă apariție a lui Ianukovici: Amenință noua conducere de la Kiev cu pedepse penale - http://t.co/xNtZzQSJZg
455591312012898304,2014-04-14 06:20:07 +0000,unimediamd,(video) Anatol Durbală: Presa trebuie să aibă mai mult curaj - http://t.co/e0BFgpvOqM
455403680213508096,2014-04-13 17:54:33 +0000,unimediamd,Autoritățile ucrainene ar putea folosi armata împotriva separatiștilor - http://t.co/N3VJ7hU0Ju
454618543158751233,2014-04-11 13:54:41 +0000,unimediamd,Diplomat: Actuala guvernare a Moldovei riscă să plece de la conducere după următoarele alegeri - http://t.co/5tgqZ5Sc9n
454605392451227648,2014-04-11 13:02:26 +0000,unimediamd,"(video) Viața, dragostea și muzica într-un film documentar „Doina şi Ion Aldea-Teodorovici” - http://t.co/AkaOsYmDU7"
454531797377114112,2014-04-11 08:09:59 +0000,unimediamd,LIVE: Virgil Mărgineanu în studioul UNIMEDIA - http://t.co/OOBO9dQrGG
454525389143306240,2014-04-11 07:44:32 +0000,unimediamd,"A trebuit un vot, dar au găsit 37 - http://t.co/edvVMvQxYm"
454512060102348801,2014-04-11 06:51:34 +0000,unimediamd,(video) Ce zice Durbală despre „Ce lume minunată”: Am făcut un film cu sârmă și scoci - http://t.co/M0suxqRt7O
454508649625681920,2014-04-11 06:38:01 +0000,unimediamd,"(video) Chirtoacă: Pe cine ar trebui să voteze cei dezamăgiți în PD, PLDM și PL - http://t.co/1PsBAalnlf"
454247546266091520,2014-04-10 13:20:29 +0000,unimediamd,Caricatura UNIMEDIA: Prețurile - http://t.co/czM27sv6ZV
454243499576418304,2014-04-10 13:04:24 +0000,unimediamd,LIVE: Anatol Durbală în studioul UNIMEDIA - http://t.co/aH0yCa8M5G
454240125044936705,2014-04-10 12:50:59 +0000,unimediamd,(video) „Roșu de Purcari” sau „roșu hematomului la ochi”: Ce culoare vor avea pașapoartele biometrice - http://t.co/KPW74AqrgZ
454240077120798720,2014-04-10 12:50:48 +0000,unimediamd,Rusia a fost privată de vot în APCE până la sfârșitul anului - http://t.co/BBFE2W1by5
454212419808948224,2014-04-10 11:00:54 +0000,unimediamd,"(video) PCRM solicită revizuirea Acordului de Asociere: „La renegocierile cu UE, să participe și Federația Rusă” - http://t.co/gCq3vR4kZD"
454210753424551937,2014-04-10 10:54:17 +0000,unimediamd,(video) Streleț: Leancă nu a anunțat ÎNCĂ remanieri - http://t.co/Wu32oqLBsn
454174251005018112,2014-04-10 08:29:14 +0000,unimediamd,Întâlnire între liderii de la Comrat și cei de la Chișinău - http://t.co/B6JJMJRPlK
454170198581727232,2014-04-10 08:13:08 +0000,unimediamd,"(video) Liderii de la Chișinău, făcuți cu ou și oțet de Formuzal la postul Al Jazeera - http://t.co/5DxXurQRXq"
454167387777282048,2014-04-10 08:01:57 +0000,unimediamd,De la moldovenească la română! Google a schimbat denumirea limbii pentru Moldova - http://t.co/Wd8MyF0EOw
454165510561988608,2014-04-10 07:54:30 +0000,unimediamd,"Neînțelegeri în PLDM? Modificările la Codul Fiscal, amânate din nou - http://t.co/Iqi2mW0VHE"
453909460839596032,2014-04-09 14:57:03 +0000,unimediamd,PCRM: Ministerul Justiției nu poate înregistra Partidul Comunist Reformator - http://t.co/5yNVqS1Hoo
453882461320396800,2014-04-09 13:09:46 +0000,unimediamd,(video) Primul thriller produs în Moldova va fi lansat pe 15 mai - http://t.co/wpWQaLLeO7
453881777183264768,2014-04-09 13:07:03 +0000,unimediamd,LIVE: Valeriu Canțer în studioul UNIMEDIA - http://t.co/Nzd2F5POgx
453879067830669312,2014-04-09 12:56:17 +0000,unimediamd,"P - (video) Campania „La Medpark, cu o viață nouă ajutăm două” continuă - http://t.co/SBZQioORl0"
453874878853419008,2014-04-09 12:39:38 +0000,unimediamd,(video) Facebook: Farsă în stația de așteptare a transportului public - http://t.co/70Vf5NeZ12
453869582030503936,2014-04-09 12:18:35 +0000,unimediamd,Ucrainenii renunță la importul gazului din Rusia - http://t.co/53zC2K4xsP
453862505493049344,2014-04-09 11:50:28 +0000,unimediamd,(video) Sikorski: Putin ar putea întoarce Europa în „iadul” secolului XX - http://t.co/aE0P7LcJWY
453848380360654848,2014-04-09 10:54:20 +0000,unimediamd,(video) Exemplu la o grădiniță din Găgăuzia: Copiii cântă în limba română! - http://t.co/WUoEaPeiDy
453846169689792512,2014-04-09 10:45:33 +0000,unimediamd,"P - Revista Global Finance: Moldindconbank, cea mai bună bancă din Moldova - http://t.co/jROng4irtP"
453845997538775040,2014-04-09 10:44:52 +0000,unimediamd,(video) Cum arată primul incubator de afaceri inaugurat în mediul rural - http://t.co/DtLQrHqBiE
453804259218558976,2014-04-09 07:59:01 +0000,unimediamd,Un judecător „raider” își așteaptă sentința. Riscă patru ani de închisoare - http://t.co/cSxwwHMTzb
453804108009709568,2014-04-09 07:58:25 +0000,unimediamd,Filat dă peste cap sondajele: Voronin are șansa să ajungă în situația lui Ianucovici - http://t.co/LzibXwUllN
453519194962022400,2014-04-08 13:06:16 +0000,unimediamd,LIVE: Marian-Jean Marinescu în studioul UNIMEDIA - http://t.co/NCk9PQ5bdj
453510316010524673,2014-04-08 12:30:59 +0000,unimediamd,"Filat: UE vine cu regim liberalizat de vize, iar Rusia cu o nouă barieră - http://t.co/swc1LyMAsp"
453510206539182080,2014-04-08 12:30:33 +0000,unimediamd,(video) Deputații ucraineni s-au luat la bătaie - http://t.co/OIgWejWHmd
453495800908480512,2014-04-08 11:33:19 +0000,unimediamd,(video) Mai mulți pacienți salvați! Moldova va beneficia de servicii de ambulanță aeriană - http://t.co/N6yr5oiZiS
453494370986373120,2014-04-08 11:27:38 +0000,unimediamd,"Magistratul din Telenești, reținut cu mită de 200 de dolari, a fost condamnat la 7 ani de închisoare - http://t.co/wEbtTyySfu"
453493519446183936,2014-04-08 11:24:15 +0000,unimediamd,"(foto, video) Profesorii cer majorarea salariilor. Leancă promite că va căuta soluții - http://t.co/QMP87ouhza"
453487009651519488,2014-04-08 10:58:23 +0000,unimediamd,(video) Liberalii atacă la Curtea Constituțională „concepţia politicii naţionale” - http://t.co/j54ubIMpid
453484184208965633,2014-04-08 10:47:09 +0000,unimediamd,Deadline: 10 aprilie! Concurs de selectare a noilor membri ai Consiliului de Presă - http://t.co/vdVfjZ5Hh5
453479921881341952,2014-04-08 10:30:13 +0000,unimediamd,(foto) Profesorii cer majorarea salariilor. Leancă promite că va căuta soluții - http://t.co/0YqzbvoAc1
453476461731930112,2014-04-08 10:16:28 +0000,unimediamd,Usatâi va prelua partidul lui Andronic - http://t.co/fpUYrjDU0e
453476347252604928,2014-04-08 10:16:01 +0000,unimediamd,Rușii au interzis importul de mezeluri din carne de porc din Republica Moldova - http://t.co/77WEc4XBqD
453455516787040256,2014-04-08 08:53:14 +0000,unimediamd,"Cristina Scarlat, asaltată de presă în Amsterdam - http://t.co/uF34LKVxo7"
453454211238612992,2014-04-08 08:48:03 +0000,unimediamd,(video) Au sustras online peste 3 mln de lei de pe carduri străine - http://t.co/WUpQJqVnRC
453453358008107008,2014-04-08 08:44:39 +0000,unimediamd,Departamentul de Stat al SUA: Provocările din Ucraina sunt dirijate de Rusia - http://t.co/q9oJ9pSYtc
453448664707772416,2014-04-08 08:26:00 +0000,unimediamd,Ucraina: Pericol de secesiune în estul țării - http://t.co/zL6mQL0gPo
453438640279269377,2014-04-08 07:46:10 +0000,unimediamd,Operațiune anti-tero în Kharkiv: 70 de persoane arestate - http://t.co/UPRvx65KF9
453436873550344192,2014-04-08 07:39:09 +0000,unimediamd,"Vasile Botnaru, despre cei mai buni oratori din politicul moldovenesc - http://t.co/5ov3U6je5o"
453428844117360640,2014-04-08 07:07:15 +0000,unimediamd,(video) Youtube: Cea mai tare farsă de 1 aprilie - http://t.co/YILbzTRqqB
453427408302256128,2014-04-08 07:01:33 +0000,unimediamd,(video) Tătal lui Valeriu Boboc despre ultimele 17 secunde din viața fiului său - http://t.co/aENYBL5RlT
453425646937837568,2014-04-08 06:54:33 +0000,unimediamd,"Carpov: Produsele din Transnistria, mai solicitate în UE decât în Rusia - http://t.co/Ifszw9S6fy"
453189179871334400,2014-04-07 15:14:55 +0000,unimediamd,(video) 5 ani de la tragedie! Ce zice fiul lui Valeriu Boboc despre moartea tatălui - http://t.co/D3zZF8VZnT
453157975285583872,2014-04-07 13:10:55 +0000,unimediamd,UNIMEDIA relansează un modul destinat fanilor Eurovision 2014. Intră și votează interpretul preferat! - http://t.co/7tM8IOfcXc
453156441579589632,2014-04-07 13:04:49 +0000,unimediamd,LIVE: Victor Boboc în studioul UNIMEDIA - http://t.co/s1DCLJ3jVt
453154775090343936,2014-04-07 12:58:12 +0000,unimediamd,În cinci spitale raionale din R. Moldova vor fi deschise centre moderne de dializă - http://t.co/3By74FoEbH
453136298623401984,2014-04-07 11:44:47 +0000,unimediamd,(video) Noi provocări în Ucraina: La Donețk s-a format o „republică independentă” - http://t.co/X6jKb4NQ6f
453133864094150656,2014-04-07 11:35:06 +0000,unimediamd,Ora 16.00: Victor Boboc în studioul UNIMEDIA
453127522201645056,2014-04-07 11:09:54 +0000,unimediamd,Avertismentul lui Saakașvili: Rusia ar putea invada Ucraina - http://t.co/SIqryv6u7m
453072566358659072,2014-04-07 07:31:32 +0000,unimediamd,Firma lui Guma din România cere împrumut de la o bancă din Moldova - http://t.co/TtcXmnp455
453069944469872640,2014-04-07 07:21:07 +0000,unimediamd,(video) Astăzi se împlinesc 5 ani de la evenimentele din 7 aprilie 2009 - http://t.co/fbfGGATLNg
ID,Posted at,Screen name,Text
457026802444414977,2014-04-18 05:24:15 +0000,publikatv,"Rezoluţia Parlamentului European, care stabileşte că Moldova poate adera la UE, este văzută diferit de experţi - http://t.co/ND9u21Uy0C"
457020762726363136,2014-04-18 05:00:15 +0000,publikatv,Doi împătimiţi de inovaţii au creat avionul care nu consumă niciun pic de combustibil (FOTO) - http://t.co/DwXrKf37hg
457007928529408000,2014-04-18 04:09:15 +0000,publikatv,Creştinii sărbătoresc Vinerea Mare şi comemmorează moartea Mântuitorului pentru mântuirea neamului omenesc  - http://t.co/byJeSI0ZJS
457004152259096576,2014-04-18 03:54:15 +0000,publikatv,Chişinăul şi Tiraspolul caută soluţii pentru fermierii din Dubăsari  - http://t.co/ijkp6SflwA
457002643408556032,2014-04-18 03:48:15 +0000,publikatv,Ultimii doi moldoveni răniţi în accidentul din Ucraina au ajuns în această dimineaţă acasă  - http://t.co/ncC9DVMLRQ
456998866051936256,2014-04-18 03:33:14 +0000,publikatv,Moneda naţională cedează continuu în faţa monedei unice europene  - http://t.co/l44rA0QvvW
456997356656136192,2014-04-18 03:27:15 +0000,publikatv,Revista Presei Internaţionale: Situaţia din Ucraina a creat cea mai gravă criză dintre SUA şi Rusia  - http://t.co/BwtoqcV0zn
456995850632568832,2014-04-18 03:21:16 +0000,publikatv,"Horoscop: Leii sunt puşi pe fapte mari, iar nativii din fecioară au o zi bună pentru a face schimbări în casă  - http://t.co/8f4ros5dzG"
456995092759609344,2014-04-18 03:18:15 +0000,publikatv,"Vreme frumoasă, dar în continuare cu cer variabil  - http://t.co/CQnMVPjK4P"
456899967597445120,2014-04-17 21:00:15 +0000,publikatv,Moldova va fi reprezentată la turneul masculin al Europenelor de judo de doi sportivi - http://t.co/tmyvy17zKy
456897700479643648,2014-04-17 20:51:15 +0000,publikatv,Zi tristă pentru literatura mondială ! A murit GABRIEL GARCIA MARQUEZ - http://t.co/F8ZOYdSkgE
456896946704506880,2014-04-17 20:48:15 +0000,publikatv,Lance Armstrong o face pe mecanicul! Sportivul explică cum se schimbă corect camera unei roţi de bicicletă - http://t.co/dfTJr0qw6d
456894680416804864,2014-04-17 20:39:15 +0000,publikatv,"Sebastian Vettel, supărat pe oficialii de la FIA. Ce îl nemulţumeşte pe pilot - http://t.co/bhPrUPxVMC"
456893172694933504,2014-04-17 20:33:15 +0000,publikatv,Premierul Iurie Leancă salută Rezoluţia Parlamentului European - http://t.co/rN1Y585IOC
456891666868494336,2014-04-17 20:27:16 +0000,publikatv,&quot;Moldova trebuie să aibă securitatea garantată de NATO înaintea de a semna Acordul de Asociere cu UE&quot; - http://t.co/JoRlB011KN
456891662732890112,2014-04-17 20:27:15 +0000,publikatv,Demolare cu scandal a unui monument istoric din Chişinău. Poliţia nu a dorit să comenteze situaţia - http://t.co/46RLVlV5Ky
456890904130101248,2014-04-17 20:24:14 +0000,publikatv,Credincioşii au marcat Joia Mare. La Ierusalim şi Vatican au fost oficializate slujbe - http://t.co/Bzymbu4elj
456889396734988288,2014-04-17 20:18:15 +0000,publikatv,Dacia şi Milsami au fost amendate de FMF din cauza comportamentului suporterilor - http://t.co/UOoOLK34Tt
456885619177046017,2014-04-17 20:03:14 +0000,publikatv,Accident pe traseul Chişinău-Orhei. O maşină a ajuns în copaci - http://t.co/2yt9GVZfVg
456882599450140672,2014-04-17 19:51:14 +0000,publikatv,Lewis Hamilton a simulat la calculator cursa de pe Circuitul Internaţional din Shanghai  - http://t.co/iBxz27ecr5
456879580398514176,2014-04-17 19:39:15 +0000,publikatv,Astra Giurgiu s-a calificat pentru prima dată în istoria ei în finala Cupei României  - http://t.co/CDBaeO9c8A
456877317827334144,2014-04-17 19:30:15 +0000,publikatv,Topul celor mai puţin agreate profesii în SUA - http://t.co/0yUJemJvkt
456871277660094464,2014-04-17 19:06:15 +0000,publikatv,Arsenal Londra are nevoie de un punct pentru a-şi asigura locul patru în Premier League - http://t.co/HbpLrNacxZ
456867500764835840,2014-04-17 18:51:15 +0000,publikatv,Telefonul modular Ara al Google va fi lansat în 2015 - http://t.co/aj2lVgy9p9
456862219414687745,2014-04-17 18:30:15 +0000,publikatv,O echipă din NBA îşi schimbă proprietarii. IATĂ despre cine este vorba - http://t.co/isoqzYluKM
456856931727339520,2014-04-17 18:09:15 +0000,publikatv,Meteorologii anunţă vreme frumoasă cu cer variabil şi fără precipitaţii - http://t.co/mNvrQVtk3I
456853156736290817,2014-04-17 17:54:15 +0000,publikatv,Forbes: Cel mai bogat rapper din 2014 este Puff Daddy - http://t.co/M5dPj7Yr17
456850137860816896,2014-04-17 17:42:15 +0000,publikatv,"Vedeta naţionalei de rugby a Noii Zeelande, Dan Carter a revenit pe teren - http://t.co/UiCwUuiyY4"
456841079883825152,2014-04-17 17:06:15 +0000,publikatv,"Ouăle încondeiate, vedetele zilei! Cum le pregătesc gospodinele pentru sfintele sărbători de Paşti (VIDEO) - http://t.co/UZAp8XH2f4"
456836546780758016,2014-04-17 16:48:15 +0000,publikatv,"Iurie Leancă şi Victor Ponta se vor întâlni, pe 29 aprilie, la frontiera moldo-română  - http://t.co/WgPiTUcHcL"
456835036679909377,2014-04-17 16:42:14 +0000,publikatv,Mircea Snegur: Solicitarea Tiraspolului către autorităţile ruse este o &quot;idioţenie ordinară&quot;  - http://t.co/63i2Fit1tc
456833526550122496,2014-04-17 16:36:14 +0000,publikatv,"Gheorghe Duca, reales în funcţia de preşedinte al Academiei de Ştiinţe - http://t.co/LOMtMoDYNL"
456831263668572161,2014-04-17 16:27:15 +0000,publikatv,Vicepreşedintele Parlamentului Andrian Candu a avut o întrevedere cu senatorul american John McCain  - http://t.co/t9MlbyioM9
456830506504450049,2014-04-17 16:24:14 +0000,publikatv,"Doi militari din Bălţi, acuzaţi de maltratarea unui superior   - http://t.co/o7Srv0At8p"
456823712025550848,2014-04-17 15:57:14 +0000,publikatv,Jaguar F-Type a ajuns în Moldova! Cum arată supercarul britanic (GALERIE FOTO) - http://t.co/7r9co6uBTR
456821446359003136,2014-04-17 15:48:14 +0000,publikatv,"Spectacol pe cer! Aurore, fulgere şi stele surprinse într-un timelapse magnific (VIDEO) - http://t.co/woQeNYLSFH"
456813142584983552,2014-04-17 15:15:15 +0000,publikatv,Acces interzis pentru bărbaţii ruşi în Ucraina. Cum explică autorităţile aceste măsuri  - http://t.co/QK3gGrEdht
456812387530592256,2014-04-17 15:12:15 +0000,publikatv,"Pepe Reina va juca la echipa momentului din Spania, Atletico Madrid - http://t.co/wiWPcyzsKO"
456806348831727617,2014-04-17 14:48:15 +0000,publikatv,Uitaţi de card! Acum plăţile se pot schia cu palma (VIDEO) - http://t.co/zg3uQf0BUG
456804086566756352,2014-04-17 14:39:15 +0000,publikatv,Deputaţii salută decizia Parlamentului European şi spun când Moldova va putea depune dosarul de aderare la UE - http://t.co/KffAEZqf5M
456798798967091201,2014-04-17 14:18:15 +0000,publikatv,McCain l-a luat peste picior pe Putin! IATĂ cele mai tari declaraţii făcute pe seama liderului de la Kremlin - http://t.co/6JIWkTRe4C
456797289617424384,2014-04-17 14:12:15 +0000,publikatv,Igor Corman: Ţările membre ale UE şi-au schimbat optica faţă de Moldova. Este un semnal de încurajare - http://t.co/0qnb3YCsly
456794273258536961,2014-04-17 14:00:16 +0000,publikatv,BREAKING NEWS: Nicolae Timofti cere UE să semneze Acordul de Asociere până la sfârşitul lunii mai - http://t.co/L8pU8fn7Co
456794268275732480,2014-04-17 14:00:15 +0000,publikatv,Casa în care a copilărit marele poet Grigore Vieru va fi restaurată - http://t.co/WgnK2J8rsj
456792757395554304,2014-04-17 13:54:14 +0000,publikatv,În trei licee din ţară au fost instalate coşuri de gunoi ecologice. &quot;A fost iniţiativa copiilor&quot; - http://t.co/H0dXNMZrwH
456790494450708480,2014-04-17 13:45:15 +0000,publikatv,Selfie la nivel înalt. Joe Biden a pozat cu Barack Obama - http://t.co/4UWE9nbARf
456787480709058561,2014-04-17 13:33:16 +0000,publikatv,"Şeful unui ocol silvic, prins în flagrant. Vezi ce a cerut de la un pădurar   - http://t.co/W35h7dsaQS"
456787475772370944,2014-04-17 13:33:15 +0000,publikatv,BREAKING NEWS: Parlamentul European recunoaşte dreptul ţării noastre de a solicita calitatea de membru al UE - http://t.co/bMhQfBgZNI
456782944083116032,2014-04-17 13:15:15 +0000,publikatv,Cursuri specializate gratuite pentru gravide. Iată ce pot învăţa viitoarele mame - http://t.co/91t8GoZ3Ox
456776902569906176,2014-04-17 12:51:14 +0000,publikatv,&quot;Nu am mai văzut aşa animal&quot;. Creatura bizară care a luat naştere în curtea unui fermier (FOTO) - http://t.co/VaohjyALi4
456773887225651200,2014-04-17 12:39:15 +0000,publikatv,Un clip cu procurorul din Crimeea a devenit viral! Blonda sexy continuă să facă ravagii printre internauţi (VIDEO) - http://t.co/gjNWyNQjIg
456770863375736832,2014-04-17 12:27:14 +0000,publikatv,PERICOL pentru copii. A fost descoperită o nouă boală care afectează peste 2 milioane de adolescenţi - http://t.co/cBHrhUG2SH
456767087596544000,2014-04-17 12:12:14 +0000,publikatv,Pur şi simplu adorabili! Un colaj cu reacţiile bebeluşilor când vine tati acasă (VIDEO) - http://t.co/Va5gHz0VdR
456764070742327296,2014-04-17 12:00:15 +0000,publikatv,Bugetul tuturor instituţiilor de învăţământ din Moldova a fost făcut public pe un site - http://t.co/BJoYyX3Pvx
456759538184884224,2014-04-17 11:42:14 +0000,publikatv,"Pregătiri în Joia Mare! Gospodinele coc pască, сozonaci şi vopsesc ouăle (VIDEO)  - http://t.co/n6WTotzkBv"
456755766326591489,2014-04-17 11:27:15 +0000,publikatv,"Senator american la Chişinău: Ştim că treceţi printr-o perioadă dificilă, dar vă susţinem şi credem în voi (F... - http://t.co/qiSazgUUoc"
456755010613690368,2014-04-17 11:24:15 +0000,publikatv,Date alarmante! Peste 70 la sută dintre copiii din Moldova sunt agresaţi fizic şi psihologic de părinţii lor - http://t.co/0GrFxo3XOl
456751989460697089,2014-04-17 11:12:14 +0000,publikatv,Un automobil fantomă a fost surprins de camerele de bord (VIDEO) - http://t.co/xI4yfml6Wg
456748970111287296,2014-04-17 11:00:15 +0000,publikatv,Băsescu: Reprezentanţii Tiraspolului trebuie excluşi de la negocierile în formatul 5+2 - http://t.co/w3MgA2bFua
456744439575494656,2014-04-17 10:42:14 +0000,publikatv,&quot;Infractorii cibernetici îşi schimbă comportamentul&quot;. Urmează o eră a mega atacurilor  - http://t.co/EIlewYrjaj
456741424206077952,2014-04-17 10:30:16 +0000,publikatv,"Deputat PLDM, verificat de CNI. Parlamentarul riscă să plătească amendă sau să stea după gratii - http://t.co/I3L19rZ5EQ"
456741419516821504,2014-04-17 10:30:14 +0000,publikatv,NO COMMENT: Cum face baie în lavoar un iepuroi gigant (VIDEO) - http://t.co/uAE07uc0op
456731606418743296,2014-04-17 09:51:15 +0000,publikatv,"Dinamo Kiev - Şahtar Doneţk, scor 0:2 - http://t.co/DDJWBdkYhc"
456728586708205568,2014-04-17 09:39:15 +0000,publikatv,Putin despre intenţia Tiraspolului de a se alipi la Rusia: Oamenii trebuie singuri să-şi decidă soarta  - http://t.co/EIWHM7iGc3
456727830491955200,2014-04-17 09:36:15 +0000,publikatv,"România, în plină iarnă în prag de Paşte: Circulaţia este infernală pe traseul Braşov-Predeal - http://t.co/TIvstM6RLR"
456725566926749698,2014-04-17 09:27:15 +0000,publikatv,&quot;Venim după America&quot;. Al-Qaeda pune pe jar Statele Unite (VIDEO)  - http://t.co/7Y21av69OA
456720282087325696,2014-04-17 09:06:15 +0000,publikatv,"Şeful-adjunct al Inspectoratului Ecologic de Stat, REŢINUT. Ce i-a promis unui agent economic - http://t.co/1IihFxjhuT"
456719524671148033,2014-04-17 09:03:14 +0000,publikatv,&quot;Face asta în fiecare zi!&quot; Uite cum circulă un şofer pe o stradă din capitală (VIDEO) - http://t.co/yhTBa7FNrk
456715749617188864,2014-04-17 08:48:14 +0000,publikatv,Topul celor mai influenţi bebeluşi din lume (FOTO) - http://t.co/vBN3vIIFYL
456713486328815617,2014-04-17 08:39:15 +0000,publikatv,Serviciul de Securitate din Rusia a cerut reţelei VKontakte date despre proeuropenii ucraineni - http://t.co/njytdQIllf
456710464853274624,2014-04-17 08:27:14 +0000,publikatv,Haas Formula este noua echipă americană din Formula 1  - http://t.co/TgNvAmnykb
456707450121756672,2014-04-17 08:15:15 +0000,publikatv,LIVE-VIDEO. Vladimir Putin a ieşit în faţa ruşilor. Ucraina - tema principală a discuţiilor - http://t.co/Vbje7oOoxZ
456707446313328640,2014-04-17 08:15:15 +0000,publikatv,REACŢIA Kremlinului la cererea Tiraspolului de a alipi regiunea transnistreană la Rusia - http://t.co/Yz5KtGTImX
456705938146091008,2014-04-17 08:09:15 +0000,publikatv,Lux şi tehnologie la New York. Salonul auto şi-a deschis porţile pentru amatorii de motoare  - http://t.co/lQ1rNQWERV
456702162374889473,2014-04-17 07:54:15 +0000,publikatv,Raiduri la Piaţa Agricolă din Capitală. Mai mulţi vânzători de peşte s-au ales cu procese verbale - http://t.co/teNFnb2MNu
456698389984333826,2014-04-17 07:39:15 +0000,publikatv,ATENŢIE! Circulaţia pe mai multe străzi din capitală va fi restricţionată  - http://t.co/ThoALCpmUV
456698385248948224,2014-04-17 07:39:14 +0000,publikatv,Manchester City a pierdut puncte preţioase pe ultima sută de metri în Premier League - http://t.co/wCSqoYJGgl
456693855862018049,2014-04-17 07:21:14 +0000,publikatv,Cine sunt cei patru senatori americani care au sosit dimineaţă la Chişinău  - http://t.co/Oukmaki6lG
456687815695147008,2014-04-17 06:57:14 +0000,publikatv,"Preşedintele Judecătoriei Glodeni, REŢINUT ÎN FLAGRANT în timp ce primea 10 000 de lei mită  - http://t.co/6AMnvCZA3C"
456687060644937728,2014-04-17 06:54:14 +0000,publikatv,Toshiba L54 a lansat noi Smart TV-uri cu capabilități 3D - http://t.co/DmHh19YpqQ
456681023330209793,2014-04-17 06:30:15 +0000,publikatv,LA UN PAS DE MOARTE! Un bărbat din Şoldăneşti a alertat poliţia când a văzut ce i-a adus fiul din pădure - http://t.co/mbFR5JYPQA
456676493788065792,2014-04-17 06:12:15 +0000,publikatv,MOTIVUL pentru care un tânăr a lansat o alertă falsă cu bombă la un centru comercial din capitală - http://t.co/l1drhqunXE
456675737248866304,2014-04-17 06:09:15 +0000,publikatv,Real Madrid a câştigat Cupa Regelui în Spania  - http://t.co/4wGiR20EQh
456668186423742465,2014-04-17 05:39:14 +0000,publikatv,Un deputat european anunţă că Rusia şi-a ales următoarea victimă după Ucraina - http://t.co/wKncBxbdvR
456665920866242560,2014-04-17 05:30:14 +0000,publikatv,Lovitură de teatru la Atletico Mineiro! Anelka nu s-a prezentat la nou său club  - http://t.co/pzovXTCK9C
456663657443639296,2014-04-17 05:21:15 +0000,publikatv,Căutările disperate continuă în largul Coreei de Sud. Numărul morţilor din feribotul scufundat a crescut  - http://t.co/DyKfvoVekA
456662900820553728,2014-04-17 05:18:14 +0000,publikatv,Ministrul de Interne al Ucrainei a confirmat: Trei separatişti au fost ucişi la Mariupol - http://t.co/kpD0CdDsD7
456659126370566145,2014-04-17 05:03:14 +0000,publikatv,Coreenii vor dreptate pentru Kim Yuna. Arbitrajul de la Soci nu a fost corect  - http://t.co/e79xvv6ckb
456654599558934530,2014-04-17 04:45:15 +0000,publikatv,Erou pentru o zi. Un copil bolnav din SUA a imitat celebrul actor Iron Man - http://t.co/FUgQDEHuRE
456648558746140673,2014-04-17 04:21:15 +0000,publikatv,"În Joia Mare, Mântuitorul ne-a lăsat o lecţie de smerenie în faţa aproapelui  - http://t.co/LLbYjA4FFD"
456647045692919808,2014-04-17 04:15:14 +0000,publikatv,NO COMMENT: Estul Ucrainei sub controlul separatiştilor - http://t.co/JeiMl51oZw
456645537727393792,2014-04-17 04:09:14 +0000,publikatv,Curs Valutar: Euro din nou mai scump cu cinci bani  - http://t.co/e1HXnDVrE5
456643274858434561,2014-04-17 04:00:15 +0000,publikatv,Delegaţia Congresului SUA în frunte cu John Maccain soseşte astăzi la Chişinău  - http://t.co/GgbG7KmygA
456642519242006528,2014-04-17 03:57:15 +0000,publikatv,Revista Presei Internaţionale: O bancă rusească finanţează separatiştii din estul Ucrainei  - http://t.co/mpfi31uT6p
456641008239783938,2014-04-17 03:51:15 +0000,publikatv,Cum puteţi şti dacă ouăle de la tarabe sunt proaspete  - http://t.co/LfwZbQPICC
456638743265280001,2014-04-17 03:42:14 +0000,publikatv,"Horoscop: Berbecii sunt plini de energie, iar gemenii trăiesc o perioadă favorabilă pe plan sentimental  - http://t.co/Vu69Sop0bB"
456637990295461888,2014-04-17 03:39:15 +0000,publikatv,Liderii mondiali discută situaţia Ucrainei la Geneva - http://t.co/jjxFkckKAi
456636478978674688,2014-04-17 03:33:15 +0000,publikatv,"Soarele revine pe bolta cerului, iar maximele termice cresc în termometre  - http://t.co/NhhAmsFhga"
456633456684843008,2014-04-17 03:21:14 +0000,publikatv,Noapte cu schimb de focuri la Mariupol  - http://t.co/Sx70TNFTVf
456533800046968832,2014-04-16 20:45:14 +0000,publikatv,Efectele devastatoare ale consumului de marijuana. &quot;Două regiuni ale creierului se modifică&quot; - http://t.co/E5GE4HA8h7
ID,Posted at,Screen name,Text
423472362671992833,2014-01-15 15:10:53 +0000,jurnalmd,O persoană a fost găsită moartă la o stație de pe strada Gavriil Bănulescu Bodoni din Chișinău.... http://t.co/wGrEZsU4hk
423472162138095618,2014-01-15 15:10:05 +0000,jurnalmd,"Protest Jurnal TV la CCA: „Apărăm toată presa, nu doar pe noi”... http://t.co/bUk2egLW3E"
423437875179311104,2014-01-15 12:53:51 +0000,jurnalmd,"Cazul Jurnal TV: Reacția partenerilor externi, palmă pentru guvernare... http://t.co/vAYocggJ78"
423415377318522880,2014-01-15 11:24:27 +0000,jurnalmd,„Sute de milioane de lei sunt furaţi anual la Metalferos” http://t.co/pqrft1stmF
423412425849704448,2014-01-15 11:12:43 +0000,jurnalmd,"Numiri la Guvern; Un nou viceministru la Externe
http://t.co/ad5qrPhuPh"
423412059905085440,2014-01-15 11:11:16 +0000,jurnalmd,FOTO // Accident tragic la Sângerei: Trei tineri au decedat... http://t.co/jEQNksvBu2
423389040876871680,2014-01-15 09:39:48 +0000,jurnalmd,„Sute de milioane de lei sunt furaţi anual la Metalferos” http://t.co/c0SluAmp5U
423191645954514944,2014-01-14 20:35:25 +0000,jurnalmd,"Accident GRAV lângă Vatra. Șase oameni, inclusiv doi copii au MURIT... http://t.co/fk2mi94mSW"
423125437619777536,2014-01-14 16:12:20 +0000,jurnalmd,Am publicat 9 fotografii pe Facebook în albumul Concursul Republican de Atletism 2014 // 11 ianuarie http://t.co/ItGLKYiaWL
423089814485757954,2014-01-14 13:50:47 +0000,jurnalmd,"Prima victorie! Jurnal TV a revenit în pachetul de bază Sun TV!

Detalii:... http://t.co/2ZdXbz0nK7"
423089693463293954,2014-01-14 13:50:18 +0000,jurnalmd,"Prima victorie! Jurnal TV a revenit în pachetul de bază Sun TV!

Detalii:... http://t.co/n1bQXU5TYK"
423071676276826112,2014-01-14 12:38:42 +0000,jurnalmd,http://t.co/KXTxalYwTu
423043367455309824,2014-01-14 10:46:13 +0000,jurnalmd,"Statele Unite ale Americii sunt îngrijorate de excluderea bruscă a celor trei posturi de televiziune, inclusiv... http://t.co/XoFtgnhu6F"
423040856438734848,2014-01-14 10:36:14 +0000,jurnalmd,"În aceste moment, în fata sediului Consiliului Coordonator al Audiovizualului continuă protestul în legătură cu... http://t.co/gIkYr4RqoV"
423027414441013248,2014-01-14 09:42:49 +0000,jurnalmd,"Internauții și-au exprimat nu doar susținerea față de postul nostru de televiziune, care a fost exclus abuziv din... http://t.co/bVZU7mm3QJ"
423026339382185984,2014-01-14 09:38:33 +0000,jurnalmd,"Brazilianul Juninho Potiguara, primul transfer al Sheriff-ului http://t.co/TROOlfw7Sz"
422993307635945473,2014-01-14 07:27:18 +0000,jurnalmd,Val Butnaru: Lui Plahotniuc îi este frică; Vrea dispariția Jurnal TV... http://t.co/2FNBnU2heM
422784745097801728,2014-01-13 17:38:32 +0000,jurnalmd,"Gala Balonul de Aur // LIVE, ora 19:30 http://t.co/G9iPcI0BkO"
422750625353306112,2014-01-13 15:22:58 +0000,jurnalmd,"Štefan Füle: Jurnal TV - ținta unui atac politic

http://t.co/0bZZKEEoK3"
422744272253644801,2014-01-13 14:57:43 +0000,jurnalmd,"Demonstrează că ești cetățean activ! Susține Jurnal TV!

Dacă ești telespectator fidel al Jurnal TV, dacă vei... http://t.co/OAQrP6x0rO"
422724794849587200,2014-01-13 13:40:19 +0000,jurnalmd,Ora Expertizei - Atentat la adresa Jurnal TV. Consiliul Coordonator al Audiovizualului urmărește excluderea... http://t.co/bcZHebipQE
422717343072915456,2014-01-13 13:10:42 +0000,jurnalmd,Octavian Țîcu: Jurnal TV e sub o ploaie de pumni... http://t.co/gurn6R6pAS
422709727588384768,2014-01-13 12:40:27 +0000,jurnalmd,Jurnal TV rămâne în grila de programe a companiei StarNet. Informația a fost confirmată de administrația... http://t.co/vKzfvkEQIV
422705377470197760,2014-01-13 12:23:10 +0000,jurnalmd,"Jurnal TV exista, Jurnal TV esti tu! http://t.co/hzaDhNOiQz"
422703161770393601,2014-01-13 12:14:21 +0000,jurnalmd,Socor: Decizia CCA este dictată de interesele lui Plahotniuc... http://t.co/a0qeCzqa09
422697079954087936,2014-01-13 11:50:11 +0000,jurnalmd,"Susțineți revenirea Jurnal TV pe ecranele voastre!

Semnați petiția AICI:... http://t.co/ojaw2pFUCF"
422692122307743745,2014-01-13 11:30:29 +0000,jurnalmd,Al X-lea operator de cablu sistează emisia Jurnal TV. Telespectatorii ne anunță că DIC TV a stopat semnalul... http://t.co/JoIJW0Yjvw
422683270497579008,2014-01-13 10:55:19 +0000,jurnalmd,Cheianu: „Asistăm la un act de execuție publică”... http://t.co/d4c8wQ5H2N
422682629444349952,2014-01-13 10:52:46 +0000,jurnalmd,"""La fel ca mulți chișinăuieni m-am trezit ieri cu ecranul albastru când am vrut să mut pe canalul Jurnal TV.... http://t.co/N50WrZkN7d"
422681339125440512,2014-01-13 10:47:38 +0000,jurnalmd,„Vrem Jurnalul înapoi” și „Afară CCA” scandează oamenii în fața CCA... http://t.co/DIs4u22Jj4
422671906190266368,2014-01-13 10:10:09 +0000,jurnalmd,"Protestul de la CCA, LIVE pe Jurnal.md!

http://t.co/4JyKpHkR1d"
422664175739863041,2014-01-13 09:39:26 +0000,jurnalmd,JurnalTV nu mai este difuzat de un important operator de cablu http://t.co/NhdJnYZ9Zs
422663111930155008,2014-01-13 09:35:13 +0000,jurnalmd,"""Sistarea emiterii Jurnal TV de către mai mulți operatori de cablu a fost făcută la comanda oligarhului Vladimir... http://t.co/5gI6BGsWlR"
422662925703057408,2014-01-13 09:34:28 +0000,jurnalmd,Scrisoare deschisă privind sistarea ilegală a emisiei Jurnal TV... http://t.co/UHkywZ2ztq
422661285168181248,2014-01-13 09:27:57 +0000,jurnalmd,"În jumătate de oră, echipa Jurnal TV va protesta în fața CCA.
Susținerea voastră contează foarte mult pentru noi... http://t.co/BdxLSC9W0i"
422659635812659200,2014-01-13 09:21:24 +0000,jurnalmd,Încă un operator de cablu a exclus JurnalTV din grila sa de emisie http://t.co/qZTGfsAhnY
422658205911502848,2014-01-13 09:15:43 +0000,jurnalmd,"Le mulțumim mult colegilor din presă pentru susținerea acordată!

diez -... http://t.co/QoYrvt8APv"
422657912180191232,2014-01-13 09:14:33 +0000,jurnalmd,"Le mulțumim mult colegilor din presă pentru susținerea acordată!

Ziarul National -... http://t.co/3LCJJgISgp"
422657585200644096,2014-01-13 09:13:15 +0000,jurnalmd,"Le mulțumim mult colegilor din presă pentru susținerea acordată!

Unimedia portal de ştiri -... http://t.co/cnBCpvxiJ2"
422655380779307010,2014-01-13 09:04:29 +0000,jurnalmd,http://t.co/aEsziqkg2c
422654845623885825,2014-01-13 09:02:22 +0000,jurnalmd,"Echipa Jurnal TV multumeste tuturor oamenilor de buna credință pentru susținere, implicare si sprijin de care... http://t.co/qhaXyBMZiF"
422650612430278656,2014-01-13 08:45:33 +0000,jurnalmd,"Operatorii de cablu care au exclus Jurnal TV din pachatul de bază al ofertei: Sun TV, Satelit TV, Domino TV, Art... http://t.co/9c8UZcviut"
422644688286257152,2014-01-13 08:22:00 +0000,jurnalmd,http://t.co/Wv2mKTI4Zy
422640442656583680,2014-01-13 08:05:08 +0000,jurnalmd,"Stadionul Republican // Cât ne mai prostiți, domnilor guvernanți? http://t.co/nWl4df40Ac"
422638630629150720,2014-01-13 07:57:56 +0000,jurnalmd,"Jurnal TV NU și-a încetat activitatea! Postul nostru de televiziune continuă să emită, iar cei care doresc să ne... http://t.co/u2ldb1LnlF"
422638022069190656,2014-01-13 07:55:31 +0000,jurnalmd,Îi invităm pe toți cei care doresc să susțină JURNAL TV la o acțiune de protest în fața Consiliului Coordonator... http://t.co/oHmlBbOmqk
422630816984735744,2014-01-13 07:26:53 +0000,jurnalmd,"UPDATE! Încă un operator de cablu a exclus Jurnal TV din grila sa de emisie

Amintim că alți trei operatori de... http://t.co/CA5uAljWEn"
422537160177094656,2014-01-13 01:14:44 +0000,jurnalmd,Jurnal TV a fost EXCLUS din lista mai multor operatori de cablu!!!... http://t.co/s7RBn5u9Lg
422294437977268225,2014-01-12 09:10:14 +0000,jurnalmd,Moldova și-a confirmat participarea la Eurovision 2014 http://t.co/YqmU6LZPy8
422039730620874752,2014-01-11 16:18:07 +0000,jurnalmd,Imagini cu Porche-ul care a încercat să fugă de poliție http://t.co/supiMjb0Em
422039615973761024,2014-01-11 16:17:40 +0000,jurnalmd,Am publicat 67 fotografii pe Facebook în albumul Concursul Republican de Atletism 2014 // 11 ianuarie http://t.co/k5AXYQs9bB
421930857088053248,2014-01-11 09:05:30 +0000,jurnalmd,Lovitură dură pentru funcționarii publici din Rusia http://t.co/DXzyVnJE9M
421655896423268353,2014-01-10 14:52:54 +0000,jurnalmd,ATAC inadmisibil asupra Jurnal TV // DECLARAȚIE... http://t.co/PHZr1JnWPN
421655709617360896,2014-01-10 14:52:09 +0000,jurnalmd,"Tragedie la Căușeni: Fetiță lovită mortal de un autobuz, pe zebră http://t.co/bvuUnbHcU3"
421618489887948800,2014-01-10 12:24:15 +0000,jurnalmd,"ATENȚIE! Parametri modificați pentru recepționarea Jurnal TV!!!

Compania „Focus-Sat” a modificat parametrii... http://t.co/DS12O8sMPd"
421615723568312321,2014-01-10 12:13:16 +0000,jurnalmd,Atenție! Parametri modificați pentru recepționarea Jurnal TV http://t.co/GhrFqSTK8T
421615328926257152,2014-01-10 12:11:42 +0000,jurnalmd,Stati va primi peste 500 milioane dolari de la Kazahstan... http://t.co/TZ1Y4ChdoS
421567588582191104,2014-01-10 09:02:00 +0000,jurnalmd,Începe „curăţenia” în audiovizual „la comanda lui Plahotniuc”... http://t.co/18IQbNtqgm
421567499193163776,2014-01-10 09:01:38 +0000,jurnalmd,Despre cadavrul politic Ghimpu http://t.co/4jAWBWfqmh
421558189419536384,2014-01-10 08:24:39 +0000,jurnalmd,Rusificarea audiovizualului continuă // Vasile Năstase http://t.co/rLTPwdogkA
421309800727605249,2014-01-09 15:57:38 +0000,jurnalmd,"Emoţionant: Visul unui campion - Mulţumesc, Mamă! http://t.co/pVjqjCU1Yi"
421272505303568384,2014-01-09 13:29:26 +0000,jurnalmd,Rusificarea audiovizualului continuă // Vasile Năstase... http://t.co/2sRJeyPAYg
421272336478638081,2014-01-09 13:28:46 +0000,jurnalmd,Raport la Bruxelles: Fără vize în UE pentru moldoveni din mai 2014... http://t.co/2ZG6nzrg3X
421266616253288448,2014-01-09 13:06:02 +0000,jurnalmd,http://t.co/Ww0E9Owa8L
421228157450977280,2014-01-09 10:33:13 +0000,jurnalmd,Un bătrân accidentat a fost găsit mort pe marginea drumului http://t.co/q3hiHkp8qZ
421228073439072256,2014-01-09 10:32:53 +0000,jurnalmd,Dosar PENAL pentru referendumul din Găgăuzia: E samavolnicie... http://t.co/TKIPdzw93Z
421227989456527360,2014-01-09 10:32:33 +0000,jurnalmd,E timpul declarației veniturilor ilegale http://t.co/nC5A1oQrwk
421195993338482688,2014-01-09 08:25:24 +0000,jurnalmd,Germania vs RM:„Luxul” Angelei Merkel vs luxul judecătorilor moldoveni... http://t.co/PdVZeXIHrY
421195806629036032,2014-01-09 08:24:40 +0000,jurnalmd,"Propunerea CE de abolire a vizelor pentru moldoveni, discutată astăzi http://t.co/mFmUTQEwO8"
421184961119404032,2014-01-09 07:41:34 +0000,jurnalmd,"Cursul valutar pentru astăzi, 9 ianuarie: Euro scade http://t.co/6uNLYzJqwS"
420923825602048001,2014-01-08 14:23:55 +0000,jurnalmd,Proiectul Euroasiatic este un miraj al arhipelagului post-sovietic... http://t.co/QGL1aaUOKN
420923559230201857,2014-01-08 14:22:51 +0000,jurnalmd,Primele rezultate ale anchetei în cazul lui Michael Schumacher http://t.co/SZpiYmQEhi
420861519832698880,2014-01-08 10:16:20 +0000,jurnalmd,Intimidat pentru criticarea justiţiei; „E o atitudine stalinistă”... http://t.co/egBDZnm28r
420861439830523904,2014-01-08 10:16:01 +0000,jurnalmd,"„În Moldova sunt foarte multe legi bune, numai că ele nu lucrează” http://t.co/xCTGp4aq9k"
420741373822652416,2014-01-08 02:18:55 +0000,jurnalmd,Succes! Hai Moldova! http://t.co/AIuiugpcq9
420524356746231808,2014-01-07 11:56:34 +0000,jurnalmd,„Renunţăm la taxatori!” http://t.co/9HwBV7vQLs
420470999658672129,2014-01-07 08:24:32 +0000,jurnalmd,Radu Albot și-a aflat adversarul din calificările Australian Open 2014 http://t.co/N7ekDjkC5m
420468263479279617,2014-01-07 08:13:40 +0000,jurnalmd,"Băsescu, politicienilor din RM: „Fraţilor, hai să vă facem factura”... http://t.co/It4l8FWvfI"
420468163206074368,2014-01-07 08:13:16 +0000,jurnalmd,Stanislav Pavlovschi riscă sancțiuni pentru că a criticat judecătorii http://t.co/2wHyCbxAEQ
420468090837557250,2014-01-07 08:12:59 +0000,jurnalmd,Creştinii ortodocşi de rit vechi sărbătoresc Crăciunul... http://t.co/bTf7LXnZVs
420208551676493825,2014-01-06 15:01:40 +0000,jurnalmd,FC Veris revine la antrenamente; Trei meciuri amicale stabilite http://t.co/HD4R840vnp
420204526323245056,2014-01-06 14:45:40 +0000,jurnalmd,"Adrian Năstase, condamnat la patru ani de închisoare... http://t.co/bbWg8ceQyt"
420165628767383552,2014-01-06 12:11:06 +0000,jurnalmd,"Grupare criminală specializată în vânzarea bancnotelor false, reținută... http://t.co/bnQ4wu7cKR"
420165542813523968,2014-01-06 12:10:46 +0000,jurnalmd,Capitala va avea încasări mai mici în 2014 http://t.co/v7WNMOfUB6
420110439985336320,2014-01-06 08:31:48 +0000,jurnalmd,"Fabrică de vin din Hâncești, în faliment; Oamenii acuză ex-directorul... http://t.co/g6nurVJWwl"
420110369869156352,2014-01-06 08:31:32 +0000,jurnalmd,„Reformă cu procurori și judecători profund corupți - o iluzie” http://t.co/0yzglLYbFH
419483252303200256,2014-01-04 14:59:35 +0000,jurnalmd,Distincții bisericești acordate ilegal preoților http://t.co/dzVLmrA71g
419483209458413569,2014-01-04 14:59:25 +0000,jurnalmd,Vremea se va menține caldă și duminică http://t.co/YGcBDyERBs
419399585526591488,2014-01-04 09:27:07 +0000,jurnalmd,Cinci indivizi au atacat un pădurar; Starea sa este critică... http://t.co/3J4YSGHWlf
419399497303617536,2014-01-04 09:26:46 +0000,jurnalmd,Sindicaliștii cer majorarea salariilor profesorilor cu 50%!... http://t.co/ctHzCOtWud
419115844325486592,2014-01-03 14:39:38 +0000,jurnalmd,"Un deputat PLDM riscă închisoare pentru că și-a tăinuit averile!

Vezi despre cine e vorba:... http://t.co/G567k7qQIM"
419093928051093505,2014-01-03 13:12:33 +0000,jurnalmd,Cel mai provocator antrenament de fotbal în sală // VIDEO http://t.co/gA560zrC91
419089158687055872,2014-01-03 12:53:36 +0000,jurnalmd,"400 de euro pentru un permis de conducere

http://t.co/DKxpLKsFDw"
419042234764259328,2014-01-03 09:47:08 +0000,jurnalmd,„Reformă cu procurori și judecători profund corupți - o iluzie” http://t.co/xYabarpyJ7
418736144084258816,2014-01-02 13:30:51 +0000,jurnalmd,Bătaie cu sfârșit letal pentru un bărbat din Orhei http://t.co/uK80TxGg5m
418704005791899648,2014-01-02 11:23:08 +0000,jurnalmd,"Show-ul Jurnal TV de Revelion!

http://t.co/J7ds7oNdls http://t.co/FvnYfOFynG"
418702329446019072,2014-01-02 11:16:29 +0000,jurnalmd,"Patru tentative de suicid în prima zi a anului

http://t.co/uKqGUIchhW"
418657529019654146,2014-01-02 08:18:27 +0000,jurnalmd,În noul an moldovenii vor trebui să facă față unor noi scumpiri... http://t.co/1iLPoFT8c2
417997264716460032,2013-12-31 12:34:48 +0000,jurnalmd,Video emoţionant despre olimpicii moldoveni http://t.co/K9BodPSs4j
417642105494708224,2013-12-30 13:03:32 +0000,jurnalmd,ISTORIE: Radu Albot a acces pe tabloul principal de la ATP Chennai http://t.co/sLKpk3neBA
ID,Posted at,Screen name,Text
457028268454346752,2014-04-18 05:30:05 +0000,Timpul,"Secretarul de Stat american: SUA, UE și Ucraina NU au abandonat Crimeea http://t.co/mcyKMoWIUa"
457025749539909632,2014-04-18 05:20:04 +0000,Timpul,"R. Moldova este pregătită să ceară calitatea de candidat la aderare la UE, susține Leancă http://t.co/Ycvak4Q0Sa"
457023227710435328,2014-04-18 05:10:03 +0000,Timpul,„Rosselhoznadzor” va înăspri controlul produselor lactate din Râbniţa http://t.co/Iiuu0vSz90
457008124856381440,2014-04-18 04:10:02 +0000,Timpul,"Cele mai IMPORTANTE subiecte din TIMPUL de vineri, 18 aprilie http://t.co/UdxPrNX1AI"
456849590617407488,2014-04-17 17:40:04 +0000,Timpul,"VIDEO: VORBESC ROMÂNEȘTE, SUNT ROMÂN http://t.co/hcBXBJjK5W"
456834492179939328,2014-04-17 16:40:05 +0000,Timpul,Băsescu: Putin încalcă principiile dreptului internaţional http://t.co/xsL1G8u8R2
456811841197735936,2014-04-17 15:10:04 +0000,Timpul,Igor Corman: Ţările membre ale UE şi-au schimbat optica faţă de Moldova. Este un semnal de încurajare http://t.co/cRTvDQFumA
456809321599225856,2014-04-17 15:00:04 +0000,Timpul,"McCain, după întrevederea cu Candu: SUA vor continua să acorde sprijin substanţial R.Moldova http://t.co/4NKDaqDw7H"
456806807483482113,2014-04-17 14:50:04 +0000,Timpul,ȘTIREA ZILEI: Republica Moldova poate depune cererea de ADERARE la UE http://t.co/tyQ6SksF4i
456799252686336000,2014-04-17 14:20:03 +0000,Timpul,Putin nu recunoaște independența Transnistriei http://t.co/2OY29xQK6r
456789189607313408,2014-04-17 13:40:04 +0000,Timpul,Bruxelles-ul va purta consultări cu Moscova pe tema securităţii aprovizionărilor cu gaze http://t.co/ZtdlWOiFCE
456774094084931585,2014-04-17 12:40:05 +0000,Timpul,Cum se vede viitorul prin ochii unui adolescent român „fascist” din Transnistria http://t.co/7YniaVhXcf
456771577258844162,2014-04-17 12:30:05 +0000,Timpul,CNI verifică averea deputatului PLDM Ion Balan. Parlamentarul riscă amendă sau un an de închisoare http://t.co/zQC9OtBFk4
456769059619475456,2014-04-17 12:20:04 +0000,Timpul,Posturile de televiziune rusești retransmise pe teritoriul R. Moldova vor fi monitorizate de CCA http://t.co/RwD8NF8ACE
456766542122737664,2014-04-17 12:10:04 +0000,Timpul,Voluntarul zilei: Paula Chiriac http://t.co/5doJCSHPl9
456756480595591169,2014-04-17 11:30:05 +0000,Timpul,Drumurile din România au fost acoperite de zăpadă. Mulţi şoferi de TIR s-au văzut nevoiţi să tragă pe drea http://t.co/kZgvw3tZyE
456751444356382720,2014-04-17 11:10:05 +0000,Timpul,"Ponta afirmă că dacă Rusia va încorpora Transnistria, România nu va avea o poziție diferită față de UE sau http://t.co/TSslgUi40i"
456748926314377216,2014-04-17 11:00:04 +0000,Timpul,(FOTO) Senatorul John McCain la Chișinău: Noi vă susținem și credem în voi http://t.co/LHWaGVP3Vc
456746409752928256,2014-04-17 10:50:04 +0000,Timpul,(VIAȚA BATE FILMUL) Mediul de afaceri în Republica Moldova s-a înrăutățit în ultimii doi ani http://t.co/YkjwptYv97
456743890708885505,2014-04-17 10:40:04 +0000,Timpul,Preşedintele Judecătoriei raionului Glodeni prins în timp ce lua mită de la un șofer ce a condus băut http://t.co/qxp6Ll6rOJ
456741375262732288,2014-04-17 10:30:04 +0000,Timpul,"ÎNCOTRO? Credincioșii obligați să ia lumina de la Filat, în loc de Ierusalim http://t.co/YWFsHKRzBG"
456738862941745152,2014-04-17 10:20:05 +0000,Timpul,Primele țevi din gazoductul South Stream care au fost instalate pe teritoriul bulgăresc au dispărut http://t.co/HuyKcWdEq5
456728793252499456,2014-04-17 09:40:04 +0000,Timpul,Dan Dungaciu: Mingea se află în teritoriul Washingtonului http://t.co/RgzbfzICIg
456716204741492736,2014-04-17 08:50:03 +0000,Timpul,"Leancă pentru BBC: Nu cred că, în situația actuală, majoritatea populației din Transnistria vor să se alipea http://t.co/tEcZYOIDqA"
456711177448329216,2014-04-17 08:30:04 +0000,Timpul,Banca Naţională a Moldovei va pune în circulație monede noi http://t.co/5KFZebQgH2
456708658630787072,2014-04-17 08:20:04 +0000,Timpul,"Solicitarea Transnistriei de anexare la Rusia nu va primi foarte curând un răspuns de la Moscova, susține şeful http://t.co/3FgqF5RwU9"
456706143847337985,2014-04-17 08:10:04 +0000,Timpul,Oamenii legii atenționează: Peștele din piață este vândut în condiții insalubre (VIDEO) http://t.co/WZnQTjbzNO
456688528471392256,2014-04-17 07:00:04 +0000,Timpul,Deputat european: Următoarea victimă a agresiunii ruse ar putea fi Letonia http://t.co/OVuZ2HVynf
456680974286213120,2014-04-17 06:30:03 +0000,Timpul,Leancă îi îndeamnă pe vameși să fie mai drăguți cu moldovenii care vin acasă http://t.co/47rwhXAFBd
456673425029738496,2014-04-17 06:00:03 +0000,Timpul,"Miniștrii Transporturilor din Moldova, România și Ucraina au aprobat traseul Autostrăzii Inelare a Mării Negre http://t.co/IjtCfCjx2j"
456670914608783360,2014-04-17 05:50:05 +0000,Timpul,"Șefii diplomaţiei Rusiei, Ucrainei, Statelor Unite şi Uniunii Europene se întâlnesc la Geneva pentru a discut� http://t.co/dqGe4qUWr0"
456668398466777089,2014-04-17 05:40:05 +0000,Timpul,"John McCain preocupat de securitatea R. Moldova: Dacă europenii şi SUA nu vor avea o reacţie puternică, Putin v http://t.co/qeLwGAszJ8"
456665875441930240,2014-04-17 05:30:03 +0000,Timpul,"Moscovă iubită, mândră capitală… http://t.co/En7CAUikQA"
456663362743443456,2014-04-17 05:20:04 +0000,Timpul,Petrișor Peiu: Unirea cu Republica Moldova ar consolida economic țara reîntregită http://t.co/ZPDMzyfBuo
456660841702510593,2014-04-17 05:10:03 +0000,Timpul,O delegaţie a Congresului Statelor Unite ale Americii vine astăzi la Chișinău http://t.co/GcdAtosgbW
456658330887270401,2014-04-17 05:00:05 +0000,Timpul,(LIVE TEXT / GALERIE FOTO / VIDEO) Cel puţin patru oameni au murit în atacurile din această noapte de la Mariupo http://t.co/OJt3dAaPvq
456655808055353344,2014-04-17 04:50:03 +0000,Timpul,"Dacă Rusia intervine în Ucraina sau Transnistria, NATO ar putea oferi Georgiei și Republicii Moldova o perspecti http://t.co/SnF2twKLXE"
456645745047658496,2014-04-17 04:10:04 +0000,Timpul,"Personalitatea zilei. Alexandru Sturza, scriitor și diplomat http://t.co/aT3x5ebIx9"
456643236736401408,2014-04-17 04:00:06 +0000,Timpul,Calendar istoric. Pe 17 aprilie s-a născut Daffy Duck http://t.co/xYCVHOUA2T
456457002995052544,2014-04-16 15:40:04 +0000,Timpul,​NATO: Alianţa îşi intensifica zborurile AWACS deasupra României şi va lua toate măsurile necesare pentru a http://t.co/dNGB1XwsRj
456454483128504320,2014-04-16 15:30:03 +0000,Timpul,MAE din România ia notă cu îngrijorare de 'votul' exprimat în așa-zisul 'Soviet Suprem' de la Tiraspol http://t.co/ptVWVHbHtC
456449459593805825,2014-04-16 15:10:06 +0000,Timpul,Mitropolia șterge nasul politicienilor și anunță ca va suporta toate cheltuielile de aducere a Focului Sfânt http://t.co/tvn7d6qfpW
456436864891645952,2014-04-16 14:20:03 +0000,Timpul,"Ion Rusu, nașul lui Filat, cere 150 de mii de euro de la ziaristul care a publicat o investigație legată de el http://t.co/zWuSFv3F0l"
456434353631817731,2014-04-16 14:10:04 +0000,Timpul,"Ministerul rus de Externe se plânge că Franţa lansează ""acuzaţii gratuite"" la adresa Rusiei http://t.co/HrqY7Vpd3D"
456431839029125121,2014-04-16 14:00:05 +0000,Timpul,Ministrul german de Externe: Ocuparea clădirilor publice din estul Ucrainei provoacă reacţii ale forţelor de se http://t.co/OJytpLH6Ws
456429322723938304,2014-04-16 13:50:05 +0000,Timpul,Guvernul obligat de CEDO să achite unui lector de la Academia de Poliţie 6.000 de euro http://t.co/riGoo3BdB6
456426826567413760,2014-04-16 13:40:10 +0000,Timpul,Declaraţia Guvernului RM cu privire la adresarea regiunii transnistrene către Federaţia Rusă http://t.co/cxzcNZyqcx
456424289692942336,2014-04-16 13:30:05 +0000,Timpul,Securitatea ucraineană: Armata rusă are de gând să împuște 100-200 de oameni și invadeze Ucraina http://t.co/5Vu5MHJz4H
456421776608591872,2014-04-16 13:20:06 +0000,Timpul,Blog: Războiul Băsescu-Ponta face ţară praf http://t.co/hC5w1Iy7Tt
456419251373350912,2014-04-16 13:10:04 +0000,Timpul,Reniță: Comuniştii au căutat diferite motive pentru acţiuni violente http://t.co/PTmwAvnVdb
456416736703963136,2014-04-16 13:00:04 +0000,Timpul,Economia Rusiei afectată de criza din Ucraina http://t.co/JMkvErQmxo
456401639675408384,2014-04-16 12:00:05 +0000,Timpul,"Marele Doga despre Dodon: El cheamă la dezbinare, este promotorul separatismului spiritual http://t.co/vXX8zMYgRU"
456399116583460865,2014-04-16 11:50:03 +0000,Timpul,Primăvara se numără românii http://t.co/wiEsTje450
456396605566894080,2014-04-16 11:40:04 +0000,Timpul,Pavel Filip: Mobilizarea membrilor PDM Chișinău a depășit toate așteptările http://t.co/xPgdgcWDa5
456384021745111040,2014-04-16 10:50:04 +0000,Timpul,ALERTĂ de călătorie în Ucraina http://t.co/SZaT2DbXGH
456378980585967616,2014-04-16 10:30:02 +0000,Timpul,"Corman pleacă în Federația Rusă pentru a discuta cu Narîșkin, Matvienko și Rubinov http://t.co/IL0tlsDukz"
456376467136323584,2014-04-16 10:20:03 +0000,Timpul,Tânărul care a lansat o alertă falsă cu bombă a fost condamnat la 135 ore muncă neremunerată în folosul com http://t.co/TAk6IHlNbQ
456351302167982080,2014-04-16 08:40:03 +0000,Timpul,Episodul 5: UNIREA ÎNSEAMNĂ DRUMURI MAI BUNE http://t.co/PX3GzSwwFM
456348795907751936,2014-04-16 08:30:06 +0000,Timpul,Voluntarul zilei: Alina Toporovschi http://t.co/6JO7euqPr8
456331175225589760,2014-04-16 07:20:05 +0000,Timpul,"Mitropolitul Vladimir a sfințit vinul pastoral ""Cahor"" produs de Cricova http://t.co/kSrWHlsln4"
456326141251698688,2014-04-16 07:00:04 +0000,Timpul,(The Guardian) Putin este cel mai periculos om din lume. Oamenii de cultură ar trebui să boicoteze Rusia http://t.co/K5NXXQ5EWZ
456318593882275841,2014-04-16 06:30:05 +0000,Timpul,Poliția cere credincioșilor să NU viziteze de Paști locurile sfinte din Donețk http://t.co/gMtc1fS5XJ
456316070077284352,2014-04-16 06:20:03 +0000,Timpul,Târgul de Paşte va fi inaugurat astăzi la Chișinău http://t.co/innNjKIbaa
456313555004846080,2014-04-16 06:10:04 +0000,Timpul,Patru judecători vor fi cercetaţi penal http://t.co/ZnGBqBPzXi
456311047989653504,2014-04-16 06:00:06 +0000,Timpul,Cei din Primărie vor să scape de noroiul de pe trotuare cu ajutorul gazonului http://t.co/JNoC25vSuM
456308519281500160,2014-04-16 05:50:03 +0000,Timpul,"Apropo, de dedesubturile (geo)politice ale atacurilor lui Dodon la adresa compozitorului Eugen Doga http://t.co/SOwpiE7NJb"
456306004422963200,2014-04-16 05:40:03 +0000,Timpul,Rada Supremă de la Kiev se întruneşte într-o şedinţă cu uşile închise http://t.co/Zh3UPPlkiy
456303490474598400,2014-04-16 05:30:04 +0000,Timpul,Putin a avertizat-o pe Merkel că Ucraina se află pe marginea războiului civil http://t.co/hBhJZzAZ25
456300971379785728,2014-04-16 05:20:03 +0000,Timpul,Secția consulară a Ambasadei Republicii Moldova în România îşi schimbă sediul http://t.co/MnV0dcYUag
456293421540716544,2014-04-16 04:50:03 +0000,Timpul,"Personalitatea zilei. Nadejda Tudor, fondatoarea mișcării feministe din Basarabia http://t.co/e0sniGAubn"
456290904429449216,2014-04-16 04:40:03 +0000,Timpul,18 cărti biografice pe care merită să le citești http://t.co/utRkhYyLHB
456288390825000960,2014-04-16 04:30:04 +0000,Timpul,Calendar istoric. Pe 16 aprilie începe războiul civil în China http://t.co/NFNznI7EE2
456285874599493632,2014-04-16 04:20:04 +0000,Timpul,Strigăt mut. Drama moldovenilor de la sate http://t.co/mwbSp3DLCX
456283357060812800,2014-04-16 04:10:04 +0000,Timpul,Horoscopul zilei! FECIOARELE încep o activitate de pe urma căreia vor câştiga bine http://t.co/3Auph6TN6a
456097129514434560,2014-04-15 15:50:04 +0000,Timpul,"China: Jing-Jin-Ji va fi cel mai mare oraș din lume, cu 100 de milioane de locuitori http://t.co/443vK2dSun"
456084548770488320,2014-04-15 15:00:04 +0000,Timpul,Voluntarul zilei: Mihail Melenciuc http://t.co/AAKbmqdmOe
456071959152173056,2014-04-15 14:10:03 +0000,Timpul,Fostul premier Azarov și fiul acestuia sunt cercetați în Austria pentru spălare de bani http://t.co/NbHfO8jD5g
456069447686823936,2014-04-15 14:00:04 +0000,Timpul,De mâine Germania va furniza gaz natural Ucrainei prin Polonia http://t.co/K0yW0Ydx9L
456066929988747264,2014-04-15 13:50:04 +0000,Timpul,"Fostul preşedinte al LPF din România, Dumitru Dragomir, va fi cercetat în continuare în libertate http://t.co/lYFtFfgSn4"
456064416388481024,2014-04-15 13:40:04 +0000,Timpul,Un oraș de la granița Rusiei încearcă să se alăture Estoniei http://t.co/XIyu6qPbgF
456061896412921857,2014-04-15 13:30:03 +0000,Timpul,O tănără a fost salvată de salvatori după ce a încercat să iasă din camera sa pe țeava amplasată pe peret http://t.co/NlrMGAip7o
456059382783295488,2014-04-15 13:20:04 +0000,Timpul,Doi tineri au murit după ce au intrat într-o fântână arteziană pentru a lua datele contorului de apă http://t.co/s8I7Kyu7Hs
456054350499282944,2014-04-15 13:00:04 +0000,Timpul,"Voronin s-a plâns foștilor președinți din Serbia, Polonia și Albania de Acordul de Asociere la UE http://t.co/I3IyrfEsLx"
456051831882670080,2014-04-15 12:50:04 +0000,Timpul,Oficial ucrainean: Primul batalion al Gărzii Naționale a Ucrainei a fost trimis pe 'front' în estul țării http://t.co/l5cqcJ1OZR
456049309327572992,2014-04-15 12:40:02 +0000,Timpul,Accident în Capitală: Două mașini s-au făcut praf în intersecția străzilor Sfatul Țării cu Alexei Șciuse http://t.co/Oap2rQWYVt
456046793579851776,2014-04-15 12:30:03 +0000,Timpul,Autorităţile găgăuze cer introducerea unei cote de cinci deputaţi în Parlamentul de la Chişinău http://t.co/VKLhg4IOku
456044280118009856,2014-04-15 12:20:03 +0000,Timpul,Aglomeraţie la vamă. Moldovenii din diferite colţuri ale lumii se întorc acasă http://t.co/HSm2UeDrT1
456021631547478018,2014-04-15 10:50:04 +0000,Timpul,Un deputat este cercetat penal pentru fals în declaraţia de avere http://t.co/oXPeOHCf7T
456019121218781184,2014-04-15 10:40:05 +0000,Timpul,Exporturile în Rusia au scăzut cu mai bine de 28 la sută în primele două luni ale anului 2014 http://t.co/OAzGiSV7z4
456016593911562240,2014-04-15 10:30:03 +0000,Timpul,"De Paști pensionarii vor primi 100 de lei, iar deputații 500 de lei http://t.co/6o8s8yDJX9"
456014083884851200,2014-04-15 10:20:04 +0000,Timpul,Egiptul oferă moldovenilor două burse de studii universitare de câte 20 de euro lunar http://t.co/mIPjb5cJsc
456011565180145664,2014-04-15 10:10:04 +0000,Timpul,"Moscova este nemulțumită că se folosește termenul ""separatism"" în contextul conflictului transnistrean http://t.co/AAq6xRxFZe"
456006528966098944,2014-04-15 09:50:03 +0000,Timpul,"Comisia Națională a aprobat chestionarul, logo-ul și sloganul recensământul populaţiei şi al locuinţelor http://t.co/fiwJGh0YQT"
456004013830709248,2014-04-15 09:40:03 +0000,Timpul,Pietonala pentru bărbați și discriminarea femeii într-o țară „europeană” http://t.co/dKNzae3YNQ
456001499672625152,2014-04-15 09:30:04 +0000,Timpul,"TV Rain, post TV de opoziție din Rusia  fost introdus în grila de emisie din R. Moldova http://t.co/QjMUzyk33Z"
455998983631282176,2014-04-15 09:20:04 +0000,Timpul,Iranul vrea să furnizeze gaze naturale pentru Europa http://t.co/WJxD9kwwrb
455996466948239360,2014-04-15 09:10:04 +0000,Timpul,16 copii de la şcoala dintr-un sat din raionul Făleşti au fost infectați cu tuberculoză http://t.co/2rHa8ivaXQ
455993952458784768,2014-04-15 09:00:04 +0000,Timpul,Ucraina va primi un ajutor financiar de un miliard de euro din partea UE http://t.co/0xv958wP5I
455991430251806720,2014-04-15 08:50:03 +0000,Timpul,Numărul de turişti din Rusia a scăzut devenind o problemă pentru mai multe ţări din regiune http://t.co/8aJ1cC4QrH
455988911928782848,2014-04-15 08:40:03 +0000,Timpul,(ÎN DIRECT) Astăzi are loc cea mai puternică eclipsă de lună din 2014 http://t.co/lU8q4a4mtb
ID,Posted at,Screen name,Text
457022890308038656,2014-04-18 05:08:42 +0000,ProTVChisinau,"Vor creste sau vor scadea preturile dupa asocierea Moldovei cu Uniunea Europeana?: Totusi, in… http://t.co/MgXnbq2LzJ"
456873659836416000,2014-04-17 19:15:43 +0000,ProTVChisinau,Accident pe traseul Chisinau-Orhei. O masina a doborat doi copaci dintr-o lovitura si a luat… http://t.co/x5NuUyJWJV
456866047212421121,2014-04-17 18:45:28 +0000,ProTVChisinau,Stirile Pro TV de la ora 20:00 cu Cristina Gheiceanu - 17.04.14: AŞA VREA PUTIN Presedintele… http://t.co/MuRpdi9Ddg
456840299663216640,2014-04-17 17:03:09 +0000,ProTVChisinau,Culmea NENOROCULUI pentru un barbat din capitala. Cum a ramas fara 45 de MII de lei pe care… http://t.co/fbhEcloNTt
456832594811027456,2014-04-17 16:32:32 +0000,ProTVChisinau,Tot mai putine sanse la titlu pentru Manchester City. Cum au incheiat meciul cu Sunderland… http://t.co/EwqFdpR1uS
456824982988140544,2014-04-17 16:02:18 +0000,ProTVChisinau,Profit din 17 aprilie. Rusia este nemultumita de lactatele din Republica Moldova: Dupa vinuri… http://t.co/13AKsw7QHo
456817309269504000,2014-04-17 15:31:48 +0000,ProTVChisinau,Bilantul naufragiului din Coreea de Sud a ajuns deja la 9 decese. Aproape 300 de persoane… http://t.co/4JWEZ3be7g
456817308841684994,2014-04-17 15:31:48 +0000,ProTVChisinau,Haos in semifinalele Cupei Greciei. Cum au transformat stadionul Toumbas intr-un crater… http://t.co/bIIAZDjT5E
456817308065730560,2014-04-17 15:31:48 +0000,ProTVChisinau,Incident in New York. Momentul in care un barbat scapa cu viata duce ce un tren trece peste… http://t.co/O2Jqq6pDNp
456817307407638528,2014-04-17 15:31:48 +0000,ProTVChisinau,"15 oameni au fost raniti in California, dupa ce doua autospeciale s-au ciocnit pe o sosea… http://t.co/pR8IXq3kxk"
456817305972785152,2014-04-17 15:31:47 +0000,ProTVChisinau,"Tensiunea din Ucraina a atins cote maxime. Trei militanti pro-rusi, UCISI la Mariupol… http://t.co/tF7t4RrS8d"
456817305503023104,2014-04-17 15:31:47 +0000,ProTVChisinau,"Flagrand dupa flagrant. Adjunctul Inspectoratului Ecologic de Stat, RETINUT in timp ce primea… http://t.co/XqIRpF426I"
456817304802557952,2014-04-17 15:31:47 +0000,ProTVChisinau,"Prima scoala pentru gravide, la Chisinau: ""Le vor ajuta"". Ce spun viitoarele mamici: Lectiile… http://t.co/0xvW7KvKSK"
456817303821119489,2014-04-17 15:31:47 +0000,ProTVChisinau,Real Madrid a cucerit pentru a 19-a oara in istorie Cupa Spaniei. Cum si-a invins vesnica… http://t.co/PlPowg5e7w
456793766607613952,2014-04-17 13:58:15 +0000,ProTVChisinau,"Lovitura data de BMW. Nici germanii nu se asteptau la asa ceva: Fabrica de la Leipzig, unde… http://t.co/n3WndicvSP"
456778328699969536,2014-04-17 12:56:54 +0000,ProTVChisinau,A intrat cu masina in groapa dintr-un service auto. Fapta bizara a unui sofer din Chisinau… http://t.co/2jZzhd1UK5
456762074878603264,2014-04-17 11:52:19 +0000,ProTVChisinau,Stirile Pro TV de la ora 22:30 cu Sorina Obreja - 16.04.14: TIRASPOLUL SE CERE IN RUSIA… http://t.co/isUP1eY1Mj
456754337650180096,2014-04-17 11:21:34 +0000,ProTVChisinau,Tratati cu atentie infectiile amigdalelor la copii. Complicatiile ce pot aparea de la banalul… http://t.co/j0WxXbkR4a
456754337193017344,2014-04-17 11:21:34 +0000,ProTVChisinau,Clipe de cosmar pentru o femeie din China care si-a facut implanturi cu silicon: Aceasta a… http://t.co/psUP8LhK5r
456754334835822592,2014-04-17 11:21:34 +0000,ProTVChisinau,"Game of Thrones a stabilit un nou record de piraterie online. CEO-ul Time Warner: ""Pentru noi… http://t.co/GRDSeT9lvJ"
456754333871112192,2014-04-17 11:21:33 +0000,ProTVChisinau,"Cum arata ""cel mai arogant"" tanar din lume. ""Oamenii ma invidiaza si inteleg perfect de ce… http://t.co/eON1uiXq6X"
456746244644167680,2014-04-17 10:49:25 +0000,ProTVChisinau,Un om de afaceri chinez si-a construit o vila pe acoperisul unui bloc. Cum a incercat sa o… http://t.co/aYT8AtkfIv
456746242542817281,2014-04-17 10:49:24 +0000,ProTVChisinau,"O inregistrare VIDEO cu liderii Al-Qaida baga spaima in americani: ""Trebuie sa eliminam… http://t.co/284Fo95WfA"
456746241758474240,2014-04-17 10:49:24 +0000,ProTVChisinau,Miley Cyrus a fost transportata de urgenta la spital. Diagnosticul stabilit de medici… http://t.co/9CLh0vddnI
456746240659582976,2014-04-17 10:49:24 +0000,ProTVChisinau,"O fata de doar 12 ani a devenit cea mai tanara mama din Marea Britanie, dupa ce a nascut o… http://t.co/mXZcTTRHiR"
456746240227561473,2014-04-17 10:49:24 +0000,ProTVChisinau,Sodoma ar fi fost gasita dupa 4.000 de ani. Ce se ascunde in spatele descoperirii… http://t.co/0chXot6hC4
456737695826337792,2014-04-17 10:15:27 +0000,ProTVChisinau,Pizzeria groazei: Au ucis sute de iepuri doar pentru o reclama si se lauda ca fac livrari… http://t.co/oJJBEjybOP
456737695192981504,2014-04-17 10:15:26 +0000,ProTVChisinau,Momentul in care un rus turmentat are in fata un gard de fier. Continuarea a amuzat tot… http://t.co/TDn67XCSB7
456737643254923264,2014-04-17 10:15:14 +0000,ProTVChisinau,"La 40 de ani, Heidi Klum a fost fotografiata topless alaturi de iubitul ei, mai tanar cu 13… http://t.co/58nXeKSE0E"
456730015816642560,2014-04-17 09:44:56 +0000,ProTVChisinau,"""Cum sa devii traficant de droguri"". Google, presat sa elimine cautarile legate de cumpararea… http://t.co/asNJFGuoQr"
456730015221448704,2014-04-17 09:44:55 +0000,ProTVChisinau,Au pus pe net fotografiile inainte de-a fi retusate. Cum a fost vazuta Lady GaGa de o lume… http://t.co/P9BSYi6EJM
456730014524784640,2014-04-17 09:44:55 +0000,ProTVChisinau,"Clipe de cosmar pentru o femeie, care s-a trezit in timpul operatiei de apendicita si simtea… http://t.co/0VyTTXpOhm"
456730013472403457,2014-04-17 09:44:55 +0000,ProTVChisinau,"Executie, oprita in ultima secunda in Iran. Condamnatul, iertat chiar de familia celui pe… http://t.co/bgFZ2vPei6"
456730012909961216,2014-04-17 09:44:55 +0000,ProTVChisinau,Cel mai dureros selfie. Ce a patit un baiat care s-a fotografiat langa o locomotiva: Baiatul… http://t.co/kcYItLIs0P
456722273559265280,2014-04-17 09:14:10 +0000,ProTVChisinau,Cum va arata ecranul viitorului iPhone 6. Imagini dezvaluite de chinezi: Detaliile din jurul… http://t.co/UXD6Rb9WGw
456722272695222272,2014-04-17 09:14:09 +0000,ProTVChisinau,"O fetita a fost diagnosticata cu cancer, dupa ce a fost intepata de un tantar. Copilul nu era… http://t.co/VqpcpAvScM"
456714646536200192,2014-04-17 08:43:51 +0000,ProTVChisinau,"Presedintele Judecatoriei Glodeni, retinut pentru luare de mita. Ce risca acesta. VIDEO… http://t.co/w7Z7wz7A58"
456714645168873472,2014-04-17 08:43:51 +0000,ProTVChisinau,(P) Fanii Eurovision au fost premiati de Orange Moldova: Andrei Bogusevschi este… http://t.co/sP92HKmSYZ
456714644720062464,2014-04-17 08:43:51 +0000,ProTVChisinau,Povestea barbatului alergic la Kim Kardashian. Cum reactioneaza cand ii aude vocea sau o vede… http://t.co/trCcXiqTOM
456707021891321856,2014-04-17 08:13:33 +0000,ProTVChisinau,"Politia: ""Stim precis cine apare in video."" Imagini erotice trimise de o profesoara de… http://t.co/eQEY0x8JJn"
456707021081817088,2014-04-17 08:13:33 +0000,ProTVChisinau,"Arunca cu sticle in masini si striga cat ii tine gura. Vezi ""isprava"" unor indivizi din… http://t.co/PDzz3l472A"
456706977855725568,2014-04-17 08:13:23 +0000,ProTVChisinau,"STUDIU: Situatia bizara din Moldova: Multi oameni de la sate au internet, insa putini au… http://t.co/BgDvMOtMts"
456691681983610880,2014-04-17 07:12:36 +0000,ProTVChisinau,Are BMW si se considera cel mai destept. Vezi cum un sofer trece cu impertinenta de un… http://t.co/SmqoF2V3KN
456683426221813760,2014-04-17 06:39:48 +0000,ProTVChisinau,"ACCIDENT rutier cu implicarea unui PREOT: ""Dupa impact, a urcat intr-un Porsche si a plecat… http://t.co/cXnq6BJ5Gr"
456675733788557312,2014-04-17 06:09:14 +0000,ProTVChisinau,Isi scoate stresul pe tabla de sah! Momentul in care o femeie imprastie piesele cu picioarele… http://t.co/MAJpTdieH5
456509193952841729,2014-04-16 19:07:28 +0000,ProTVChisinau,"Stirile Pro TV de la ora 20:00 cu Cristina Gheiceanu - 16.04.14: A PERMIS UNA, AU FĂCUT ALTA… http://t.co/7W7C0zG0bT"
456474378167791618,2014-04-16 16:49:07 +0000,ProTVChisinau,Profit din 16 aprilie. Taxa pentru exportul de nuci va fi eliminata: Cei care au permis… http://t.co/5KfbvlTZL8
456474377618329600,2014-04-16 16:49:07 +0000,ProTVChisinau,"Targ de Paste la Moldexpo. ""Pasca traditionala se vinde foarte bine"". Ce spun cumparatorii… http://t.co/3CbdKn8sju"
456474377123422208,2014-04-16 16:49:07 +0000,ProTVChisinau,"Transportatorii de microbuz continua sa ceara majorarea tarifelor: ""Nu ajunge"". Ce venit… http://t.co/pphnIB6y4d"
456459025375178753,2014-04-16 15:48:06 +0000,ProTVChisinau,Cupa Romaniei revine la ProTV. Ce echipe lupta pentru calificarea in marea finala: Petrolul… http://t.co/OvGyFjcp55
456459024364343297,2014-04-16 15:48:06 +0000,ProTVChisinau,"Referendumuri si in SCOLI: ""O sa avem posibilitatea sa alegem ce obiecte ne plac"". Ce spun… http://t.co/98lPghwoLc"
456459022879584256,2014-04-16 15:48:06 +0000,ProTVChisinau,"Stirile Pro TV de la ora 17:00 cu Anisoara Loghin - 16.04.14: A PERMIS UNA, AU FĂCUT ALTA… http://t.co/5U1wLoFpg7"
456459022346878976,2014-04-16 15:48:06 +0000,ProTVChisinau,Dramatism in sferturile Cupei Moldovei dintre Zimbru si FC Tiraspol. Echipa calificata s-a… http://t.co/28nxi1vZRR
456459021348638720,2014-04-16 15:48:05 +0000,ProTVChisinau,"Lupta pentru locul 4 in Anglia, tot mai incinsa. Cum a castigat Arsenal meciul cu West Ham… http://t.co/PjXDZdijGw"
456459020895670273,2014-04-16 15:48:05 +0000,ProTVChisinau,Borussia Dortmund vrea trofeul. Cum s-a calificat in finala Cupei Germaniei: Fanii echipei… http://t.co/uHYs1gkxKZ
456459020358791168,2014-04-16 15:48:05 +0000,ProTVChisinau,"""Va munci in folosul comunitatii"". Cum isi va ispasi pedeapsa pentru frauda Silvio Berlusconi… http://t.co/HablijcQx3"
456459019628998656,2014-04-16 15:48:05 +0000,ProTVChisinau,Tragedie in Canada. Cinci tineri au fost UCISI de un coleg in timpul unei petreceri: Trei… http://t.co/uZxo8yQ2N6
456451271138873344,2014-04-16 15:17:18 +0000,ProTVChisinau,"Bisericile din capitala, verificate de pompieri: ""Riscul de incendii este mare"". Ce spun… http://t.co/1LsmJlK5fw"
456451270690086913,2014-04-16 15:17:18 +0000,ProTVChisinau,"Aglomeratie la aeroportul Chisinau - moldovenii revin acasa: ""Am venit sa sarbatorim Pastele… http://t.co/3IWlIq0lRO"
456451270132240384,2014-04-16 15:17:17 +0000,ProTVChisinau,"Eugen Doga, SUPARAT pe Dodon: ""A folosit fara permisiune o piesa intr-un spot politic"": Eugen… http://t.co/jV12ftDrLi"
456451269595394050,2014-04-16 15:17:17 +0000,ProTVChisinau,Cetatenie RUSA in timp RECORD. Noul proiect adoptat de catre liderii de la Moscova: Totusi… http://t.co/jO56N8Pbmi
456443467338506240,2014-04-16 14:46:17 +0000,ProTVChisinau,"GRAV accident la Cantemir. 2 persoane au MURIT, iar alte doua in stare grava, dupa ce s-au… http://t.co/2U1Ni3Rljx"
456428087043821568,2014-04-16 13:45:10 +0000,ProTVChisinau,"Atentatele din Boston, 1 an de la atacuri. Povestea americancei careia ii va fi amputat… http://t.co/shN9NwC3JT"
456428086079148032,2014-04-16 13:45:10 +0000,ProTVChisinau,"S-a aflat motivul pentru care cunoscutul wrestler James Hellwig, The Ultimate Warrior, a… http://t.co/JLkHt5s6xi"
456420227324973056,2014-04-16 13:13:56 +0000,ProTVChisinau,Rolul care l-a transformat dintr-un monstru in omul invidiat de toti barbatii. A filmat nud… http://t.co/ARTP98hZcH
456420226620329985,2014-04-16 13:13:56 +0000,ProTVChisinau,"Caz cutremurator la Falesti. Un barbat si-a INJUNGHIAT propria MAMA si o vecina, in urma unui… http://t.co/w13T2P3n4n"
456404667996442624,2014-04-16 12:12:07 +0000,ProTVChisinau,Un microbuz de ruta s-a ciocnit cu o masina in orasul Hancesti: Sunt cel putin trei RANITI… http://t.co/8qI44UeBkZ
456404667405041665,2014-04-16 12:12:06 +0000,ProTVChisinau,"SI-A DAT FOC din disperarea ca-si pierde casa. Femeia din Colonita, internata in stare GRAVA… http://t.co/n83S8urgQd"
456396972258123776,2014-04-16 11:41:32 +0000,ProTVChisinau,Povestea romanului care traieste fara jumatate din craniu a ajuns in presa din Marea Britanie… http://t.co/UaEvA2epCl
456396971129831426,2014-04-16 11:41:32 +0000,ProTVChisinau,"(P) De Pasti, enoriasii vor avea parte de vin sfintit de la Cricova: “In fiecare an, inainte… http://t.co/dNgC80iG1q"
456389116985212928,2014-04-16 11:10:19 +0000,ProTVChisinau,Reactiile hilare ale copiilor atunci cand vad pentru prima data un walkman. VIDEO: Voluntarii… http://t.co/foobgjUJCW
456381322567512064,2014-04-16 10:39:21 +0000,ProTVChisinau,Si-a asteptat stapanul timp de opt zile in fata spitalului. Povestea emotionanta a catelului… http://t.co/57g75getHE
456365804187955200,2014-04-16 09:37:41 +0000,ProTVChisinau,O fata din America a fost filmata de tatal ei in intimitatea propriei camere. Prin ce a… http://t.co/iED1gMuO8g
456358041223311360,2014-04-16 09:06:50 +0000,ProTVChisinau,"POZE spectaculoase cu ""Luna insangerata"". Profetii din antichitate asociau acest fenomen cu… http://t.co/4zyvnrzhtp"
456358040816459776,2014-04-16 09:06:50 +0000,ProTVChisinau,"A mancat prima ""masa adevarat"", la 20 de ani. Cum arata femeia care in ultimii 15 ani a… http://t.co/HfpN4tXkTv"
456358040212480000,2014-04-16 09:06:50 +0000,ProTVChisinau,Un feribot cu 476 de pasageri la bord a naufragiat in largul Coreei de Sud. Cel putin 2… http://t.co/wFejwUtCQL
456350409787863040,2014-04-16 08:36:30 +0000,ProTVChisinau,"Miss Moldova, cand nu este pe podium. Nici nu te asteptai ca arata asa. FOTO: Alexandra… http://t.co/kUOIDNsxjJ"
456335060736548864,2014-04-16 07:35:31 +0000,ProTVChisinau,Lasa altii sa astepte. Cu ce TUPEU evita un ambuteiaj mai multi soferi din capitala. VIDEO: O… http://t.co/SwFZJpeVfz
456327244600713219,2014-04-16 07:04:27 +0000,ProTVChisinau,"""Discreditarea tot face parte din PR"". Ce mai are de zis Miss 2013 despre incidentul cu ""Sunt… http://t.co/yo1c5MjR3S"
456319482063892480,2014-04-16 06:33:37 +0000,ProTVChisinau,Reusesti sa observi cum ascunde banii? Numarul de magie al unei femei intr-un magazin din… http://t.co/jhMb1WWvzS
456156508447711232,2014-04-15 19:46:01 +0000,ProTVChisinau,Stirile Pro TV de la ora 20:00 cu Cristina Gheiceanu - 15.04.14: DE DRAGUL IUBIRII O tanara… http://t.co/rZHafMUii8
456156507457855489,2014-04-15 19:46:01 +0000,ProTVChisinau,"Fara ""rug"" in noaptea de Pasti. Vezi avertismentul emis de Ministerul Mediului: Potrivit… http://t.co/UrBLeUyel4"
456146728782004224,2014-04-15 19:07:09 +0000,ProTVChisinau,FOTO. Ea este Miss Moldova 2014. Cum arata tanara care ne va reprezenta tara la Miss World… http://t.co/SrFiOSPTXt
456123401862938624,2014-04-15 17:34:28 +0000,ProTVChisinau,Inca un dosar penal in Parlament. Nicolae Juravschi este cercetat penal. Vezi motivul… http://t.co/vh2yun7uQn
456115725250605056,2014-04-15 17:03:57 +0000,ProTVChisinau,"Tuberculoza face ravagii in scoli. Inca 16 copii din Falesti, INFECTATI. Autoritatile: ""Este… http://t.co/fZrvSsTk64"
456115724566941697,2014-04-15 17:03:57 +0000,ProTVChisinau,"Paste in stil italian. Moldovenii de peste hotare se grabesc sa trimita cadouri rudelor: ""Cum… http://t.co/MSCMueRT9V"
456115723900055552,2014-04-15 17:03:57 +0000,ProTVChisinau,De Paste se FURA iezi si miei. Ce a patit un batran dintr-o localitate din regiunea… http://t.co/XpyEYmnVI3
456115720607510529,2014-04-15 17:03:56 +0000,ProTVChisinau,102 ani de cand s-a scufundat Titanicul si peste 1500 de oameni s-au inecat: Titanicul a… http://t.co/d0DXXNgatK
456115720020295680,2014-04-15 17:03:56 +0000,ProTVChisinau,Profit din 15 aprilie. Moscova ar putea majora importurile de carne din Moldova: Fermierii… http://t.co/gN50GXsivB
456107922800787458,2014-04-15 16:32:57 +0000,ProTVChisinau,"Cele 3 vagoane care au ars, ar fi fost incendiate INTENTIONAT. Ce spune politia: Focul s-a… http://t.co/6iJHZCuWi9"
456107921471201280,2014-04-15 16:32:57 +0000,ProTVChisinau,"Pauza de 20 de zile pentru protestele profesorilor. Iurie Leanca: ""Vom discuta si vom gasi o… http://t.co/z183j2n3Gq"
456107920728793088,2014-04-15 16:32:57 +0000,ProTVChisinau,"Un inspector de la FISC, RETINUT de ofiterii CNA in timp ce lua mita. Ce risca: Potrivit… http://t.co/F5WSpKVFke"
456107919772504064,2014-04-15 16:32:56 +0000,ProTVChisinau,"Batranii o suta, iar deputatii de 5 ori mai mult. Cati bani vor primi pensionarii in ajun de… http://t.co/eLXIzRk5gr"
456107918841372672,2014-04-15 16:32:56 +0000,ProTVChisinau,"Ministerul de Externe: ""Atentionam cetatenii RM sa evite calatoriile in Ucraina"": Intr-un… http://t.co/mhqofNpCi3"
456093169092808705,2014-04-15 15:34:19 +0000,ProTVChisinau,"Debut perfect pentru noul antrenor, Stanislav Cercesov. Cum a umilit-o Dinamo Moscova pe… http://t.co/U0ZBFT1wKR"
456092666099683328,2014-04-15 15:32:20 +0000,ProTVChisinau,Primadona estradei ruse Alla Pugaciova implineste 65 de ani. Ce cadouri a primit interpreta… http://t.co/FRKCrYDX7C
456092594184142848,2014-04-15 15:32:02 +0000,ProTVChisinau,Stirile Pro TV de la ora 17:00 cu Anisoara Loghin - 15.04.14: DE DRAGUL IUBIRII O tanara de… http://t.co/w8ZYCPvcX9
456092593403985921,2014-04-15 15:32:02 +0000,ProTVChisinau,Juventus se apropie de titlul cu numarul 30 in Italia. Cum a batut-o pe Udinese: Batrana… http://t.co/fEdtVn9x9q
456092592707739648,2014-04-15 15:32:02 +0000,ProTVChisinau,"Memphis, pe ultimul loc in etapa urmatoarea din NBA. Care sunt echipele calificate in… http://t.co/CBzdjDXqzf"
456092591931793408,2014-04-15 15:32:02 +0000,ProTVChisinau,Primele probe eliminatorii la Masterchef. La ce teste dificile vor fi supusi concurentii… http://t.co/aov6QCtKaD
